video_id,trending_date,title,channel_title,category_id,publish_time,tags,views,likes,dislikes,comment_count,thumbnail_link,comments_disabled,ratings_disabled,video_error_or_removed,description,category_name,comments_per_view
_9YMpuLDnwo,17.09.12,42 HOLY GRAIL HACKS THAT WILL SAVE YOU A FORTUNE,5-Minute Crafts,26,2017-12-03T08:30:00.000Z,"5-Minute Crafts|""DIY""|""Do it yourself""|""crafts""|""trucos""|""trucos de belliza""|""proyectos faciles""|""useful things""|""lifehacks""|""tricks""|""tips""|""DIY projects""|""DIY activities""|""Handcraft""|""Tutorial""|""easy life hacks""|""simple life hacks""|""old into new""|""save money""|""money-saving""|""cheap""|""reuse""|""recycle""|""repurpose""|""fix""|""way""|""ways""|""how to""|""fix a phone""|""phone hacks""|""scratches""|""broken screen""|""toothpaste""|""toothpaste hacks""|""eraze""|""plastic bottles""|""fork""|""kitchen""|""kitchen hacks""|""broken""|""cola""|""colgate""|""plastic bags""|""clean""|""cleaning""",35696409,260515,48163,21468,https://i.ytimg.com/vi/_9YMpuLDnwo/default.jpg,False,False,False,Subscribe to 5-Minute Crafts KIDS: https://goo.gl/PEuLVt\n\n----------------------------------------------------------------------------------------\nOur Social Media:\n\nFacebook: https://www.facebook.com/5min.crafts/\nInstagram: https://www.instagram.com/5.min.crafts/\n\nHave you ever seen a talking slime? Here he is – Slick Slime Sam: https://goo.gl/zarVZo\n\nThe Bright Side of Youtube: https://goo.gl/rQTJZz\nSMART Youtube: https://goo.gl/JTfP6L\n\n----------------------------------------------------------------------------------------\nFor more videos and articles visit:\nhttp://www.brightside.me/,Howto & Style,0.0006014050152382271
_9YMpuLDnwo,17.10.12,42 HOLY GRAIL HACKS THAT WILL SAVE YOU A FORTUNE,5-Minute Crafts,26,2017-12-03T08:30:00.000Z,"5-Minute Crafts|""DIY""|""Do it yourself""|""crafts""|""trucos""|""trucos de belliza""|""proyectos faciles""|""useful things""|""lifehacks""|""tricks""|""tips""|""DIY projects""|""DIY activities""|""Handcraft""|""Tutorial""|""easy life hacks""|""simple life hacks""|""old into new""|""save money""|""money-saving""|""cheap""|""reuse""|""recycle""|""repurpose""|""fix""|""way""|""ways""|""how to""|""fix a phone""|""phone hacks""|""scratches""|""broken screen""|""toothpaste""|""toothpaste hacks""|""eraze""|""plastic bottles""|""fork""|""kitchen""|""kitchen hacks""|""broken""|""cola""|""colgate""|""plastic bags""|""clean""|""cleaning""",45407304,322993,57595,21560,https://i.ytimg.com/vi/_9YMpuLDnwo/default.jpg,False,False,False,Subscribe to 5-Minute Crafts KIDS: https://goo.gl/PEuLVt\n\n----------------------------------------------------------------------------------------\nOur Social Media:\n\nFacebook: https://www.facebook.com/5min.crafts/\nInstagram: https://www.instagram.com/5.min.crafts/\n\nHave you ever seen a talking slime? Here he is – Slick Slime Sam: https://goo.gl/zarVZo\n\nThe Bright Side of Youtube: https://goo.gl/rQTJZz\nSMART Youtube: https://goo.gl/JTfP6L\n\n----------------------------------------------------------------------------------------\nFor more videos and articles visit:\nhttp://www.brightside.me/,Howto & Style,0.0004748134688900828
_9YMpuLDnwo,17.11.12,42 HOLY GRAIL HACKS THAT WILL SAVE YOU A FORTUNE,5-Minute Crafts,26,2017-12-03T08:30:00.000Z,"5-Minute Crafts|""DIY""|""Do it yourself""|""crafts""|""trucos""|""trucos de belliza""|""proyectos faciles""|""useful things""|""lifehacks""|""tricks""|""tips""|""DIY projects""|""DIY activities""|""Handcraft""|""Tutorial""|""easy life hacks""|""simple life hacks""|""old into new""|""save money""|""money-saving""|""cheap""|""reuse""|""recycle""|""repurpose""|""fix""|""way""|""ways""|""how to""|""fix a phone""|""phone hacks""|""scratches""|""broken screen""|""toothpaste""|""toothpaste hacks""|""eraze""|""plastic bottles""|""fork""|""kitchen""|""kitchen hacks""|""broken""|""cola""|""colgate""|""plastic bags""|""clean""|""cleaning""",54155921,378111,66632,24679,https://i.ytimg.com/vi/_9YMpuLDnwo/default.jpg,False,False,False,Subscribe to 5-Minute Crafts KIDS: https://goo.gl/PEuLVt\n\n----------------------------------------------------------------------------------------\nOur Social Media:\n\nFacebook: https://www.facebook.com/5min.crafts/\nInstagram: https://www.instagram.com/5.min.crafts/\n\nHave you ever seen a talking slime? Here he is – Slick Slime Sam: https://goo.gl/zarVZo\n\nThe Bright Side of Youtube: https://goo.gl/rQTJZz\nSMART Youtube: https://goo.gl/JTfP6L\n\n----------------------------------------------------------------------------------------\nFor more videos and articles visit:\nhttp://www.brightside.me/,Howto & Style,0.00045570270228249463
BhIEIO0vaBE,18.06.02,To Our Daughter,Kylie Jenner,22,2018-02-04T20:27:38.000Z,"Kylie Jenner|""Kylie""|""Travis Scott""|""Baby""|""Annoucement""",35830721,0,0,0,https://i.ytimg.com/vi/BhIEIO0vaBE/default.jpg,True,True,False,Directed by Tyler Ross @wttyler\nMusic by Jacob Wilkinson-Smith @mybestfriendjacob_,People & Blogs,0.0
BhIEIO0vaBE,18.07.02,To Our Daughter,Kylie Jenner,22,2018-02-04T20:27:38.000Z,"Kylie Jenner|""Kylie""|""Travis Scott""|""Baby""|""Annoucement""",40801423,0,0,0,https://i.ytimg.com/vi/BhIEIO0vaBE/default.jpg,True,True,False,Directed by Tyler Ross @wttyler\nMusic by Jacob Wilkinson-Smith @mybestfriendjacob_,People & Blogs,0.0
BhIEIO0vaBE,18.08.02,To Our Daughter,Kylie Jenner,22,2018-02-04T20:27:38.000Z,"Kylie Jenner|""Kylie""|""Travis Scott""|""Baby""|""Annoucement""",44818108,0,0,0,https://i.ytimg.com/vi/BhIEIO0vaBE/default.jpg,True,True,False,Directed by Tyler Ross @wttyler\nMusic by Jacob Wilkinson-Smith @mybestfriendjacob_,People & Blogs,0.0
BhIEIO0vaBE,18.09.02,To Our Daughter,Kylie Jenner,22,2018-02-04T20:27:38.000Z,"Kylie Jenner|""Kylie""|""Travis Scott""|""Baby""|""Annoucement""",48635732,0,0,0,https://i.ytimg.com/vi/BhIEIO0vaBE/default.jpg,True,True,False,Directed by Tyler Ross @wttyler\nMusic by Jacob Wilkinson-Smith @mybestfriendjacob_,People & Blogs,0.0
BhIEIO0vaBE,18.10.02,To Our Daughter,Kylie Jenner,22,2018-02-04T20:27:38.000Z,"Kylie Jenner|""Kylie""|""Travis Scott""|""Baby""|""Annoucement""",51243149,0,0,0,https://i.ytimg.com/vi/BhIEIO0vaBE/default.jpg,True,True,False,Directed by Tyler Ross @wttyler\nMusic by Jacob Wilkinson-Smith @mybestfriendjacob_,People & Blogs,0.0
BhIEIO0vaBE,18.11.02,To Our Daughter,Kylie Jenner,22,2018-02-04T20:27:38.000Z,"Kylie Jenner|""Kylie""|""Travis Scott""|""Baby""|""Annoucement""",53183123,0,0,0,https://i.ytimg.com/vi/BhIEIO0vaBE/default.jpg,True,True,False,Directed by Tyler Ross @wttyler\nMusic by Jacob Wilkinson-Smith @mybestfriendjacob_,People & Blogs,0.0
BhIEIO0vaBE,18.12.02,To Our Daughter,Kylie Jenner,22,2018-02-04T20:27:38.000Z,"Kylie Jenner|""Kylie""|""Travis Scott""|""Baby""|""Annoucement""",54454945,0,0,0,https://i.ytimg.com/vi/BhIEIO0vaBE/default.jpg,True,True,False,Directed by Tyler Ross @wttyler\nMusic by Jacob Wilkinson-Smith @mybestfriendjacob_,People & Blogs,0.0
BhIEIO0vaBE,18.13.02,To Our Daughter,Kylie Jenner,22,2018-02-04T20:27:38.000Z,"Kylie Jenner|""Kylie""|""Travis Scott""|""Baby""|""Annoucement""",55063465,0,0,0,https://i.ytimg.com/vi/BhIEIO0vaBE/default.jpg,True,True,False,Directed by Tyler Ross @wttyler\nMusic by Jacob Wilkinson-Smith @mybestfriendjacob_,People & Blogs,0.0
BhIEIO0vaBE,18.14.02,To Our Daughter,Kylie Jenner,22,2018-02-04T20:27:38.000Z,"Kylie Jenner|""Kylie""|""Travis Scott""|""Baby""|""Annoucement""",56111957,0,0,0,https://i.ytimg.com/vi/BhIEIO0vaBE/default.jpg,True,True,False,Directed by Tyler Ross @wttyler\nMusic by Jacob Wilkinson-Smith @mybestfriendjacob_,People & Blogs,0.0
-BQJo3vK8O8,18.15.03,Maluma - El Préstamo (Official Video),MalumaVEVO,10,2018-03-09T11:00:01.000Z,"Maluma Music|""Maluma Official Video""|""Maluma Video""|""Maluma Video Oficial""|""Maluma Nuevo Video""|""Maluma New Video""|""El Prestamo""|""El Prestamo Official Video""|""El Prestamo Official Remix Video""|""El Prestamo Single""|""Maluma New Single""|""Maluma Single""|""Maluma Song""|""El Prestamo new song""|""El Prestamo nueva canción""|""Maluma nueva cancion""|""Maluma sencillo""|""Maluma nuevo sencillo""|""Maluma El Prestamo""|""Maluma F.A.M.E""|""Maluma F.A.M.EF.A.M.E""|""El Prestamo BTS""|""El""|""the""",48431654,609101,52259,29172,https://i.ytimg.com/vi/-BQJo3vK8O8/default.jpg,False,False,False,Maluma - El Prestamo (Official Music Video)\nEl Prestamo is available on the digital platforms!\niTunes: http://smarturl.it/ElPrestamo \nSpotify: http://smarturl.it/ElPrestamoS \nApple Music: http://smarturl.it/ElPrestamoA \nAmazon Music: http://smarturl.it/ElPrestamoAm \nGoogle Play: http://smarturl.it/ElPrestamoGP \nChoose Your Platform!: https://SML.lnk.to/ElPrestamo\n\nFollow Maluma!\nOfficial site: http://www.malumamusik.com\nFacebook: http://www.facebook.com/MALUMAMUSIK\nTwitter: http://www.twitter.com/maluma\nInstagram: http://www.instagram.com/maluma\nYouTube: http://www.youtube.com/user/MalumaVEVO\nOfficial music video by Maluma performing El Prestamo (C) 2018 Sony Music Entertainment US Latin LLC,Music,0.000602333329307041
-BQJo3vK8O8,18.16.03,Maluma - El Préstamo (Official Video),MalumaVEVO,10,2018-03-09T11:00:01.000Z,"Maluma Music|""Maluma Official Video""|""Maluma Video""|""Maluma Video Oficial""|""Maluma Nuevo Video""|""Maluma New Video""|""El Prestamo""|""El Prestamo Official Video""|""El Prestamo Official Remix Video""|""El Prestamo Single""|""Maluma New Single""|""Maluma Single""|""Maluma Song""|""El Prestamo new song""|""El Prestamo nueva canción""|""Maluma nueva cancion""|""Maluma sencillo""|""Maluma nuevo sencillo""|""Maluma El Prestamo""|""Maluma F.A.M.E""|""Maluma F.A.M.EF.A.M.E""|""El Prestamo BTS""|""El""|""the""",52180728,637267,54981,30283,https://i.ytimg.com/vi/-BQJo3vK8O8/default.jpg,False,False,False,Maluma - El Prestamo (Official Music Video)\nEl Prestamo is available on the digital platforms!\niTunes: http://smarturl.it/ElPrestamo \nSpotify: http://smarturl.it/ElPrestamoS \nApple Music: http://smarturl.it/ElPrestamoA \nAmazon Music: http://smarturl.it/ElPrestamoAm \nGoogle Play: http://smarturl.it/ElPrestamoGP \nChoose Your Platform!: https://SML.lnk.to/ElPrestamo\n\nFollow Maluma!\nOfficial site: http://www.malumamusik.com\nFacebook: http://www.facebook.com/MALUMAMUSIK\nTwitter: http://www.twitter.com/maluma\nInstagram: http://www.instagram.com/maluma\nYouTube: http://www.youtube.com/user/MalumaVEVO\nOfficial music video by Maluma performing El Prestamo (C) 2018 Sony Music Entertainment US Latin LLC,Music,0.0005803483504417886
-BQJo3vK8O8,18.17.03,Maluma - El Préstamo (Official Video),MalumaVEVO,10,2018-03-09T11:00:01.000Z,"Maluma Music|""Maluma Official Video""|""Maluma Video""|""Maluma Video Oficial""|""Maluma Nuevo Video""|""Maluma New Video""|""El Prestamo""|""El Prestamo Official Video""|""El Prestamo Official Remix Video""|""El Prestamo Single""|""Maluma New Single""|""Maluma Single""|""Maluma Song""|""El Prestamo new song""|""El Prestamo nueva canción""|""Maluma nueva cancion""|""Maluma sencillo""|""Maluma nuevo sencillo""|""Maluma El Prestamo""|""Maluma F.A.M.E""|""Maluma F.A.M.EF.A.M.E""|""El Prestamo BTS""|""El""|""the""",55788936,665927,57511,31105,https://i.ytimg.com/vi/-BQJo3vK8O8/default.jpg,False,False,False,Maluma - El Prestamo (Official Music Video)\nEl Prestamo is available on the digital platforms!\niTunes: http://smarturl.it/ElPrestamo \nSpotify: http://smarturl.it/ElPrestamoS \nApple Music: http://smarturl.it/ElPrestamoA \nAmazon Music: http://smarturl.it/ElPrestamoAm \nGoogle Play: http://smarturl.it/ElPrestamoGP \nChoose Your Platform!: https://SML.lnk.to/ElPrestamo\n\nFollow Maluma!\nOfficial site: http://www.malumamusik.com\nFacebook: http://www.facebook.com/MALUMAMUSIK\nTwitter: http://www.twitter.com/maluma\nInstagram: http://www.instagram.com/maluma\nYouTube: http://www.youtube.com/user/MalumaVEVO\nOfficial music video by Maluma performing El Prestamo (C) 2018 Sony Music Entertainment US Latin LLC,Music,0.0005575478163349841
-BQJo3vK8O8,18.18.03,Maluma - El Préstamo (Official Video),MalumaVEVO,10,2018-03-09T11:00:01.000Z,"Maluma Music|""Maluma Official Video""|""Maluma Video""|""Maluma Video Oficial""|""Maluma Nuevo Video""|""Maluma New Video""|""El Prestamo""|""El Prestamo Official Video""|""El Prestamo Official Remix Video""|""El Prestamo Single""|""Maluma New Single""|""Maluma Single""|""Maluma Song""|""El Prestamo new song""|""El Prestamo nueva canción""|""Maluma nueva cancion""|""Maluma sencillo""|""Maluma nuevo sencillo""|""Maluma El Prestamo""|""Maluma F.A.M.E""|""Maluma F.A.M.EF.A.M.E""|""El Prestamo BTS""|""El""|""the""",60962220,692723,59965,32006,https://i.ytimg.com/vi/-BQJo3vK8O8/default.jpg,False,False,False,Maluma - El Prestamo (Official Music Video)\nEl Prestamo is available on the digital platforms!\niTunes: http://smarturl.it/ElPrestamo \nSpotify: http://smarturl.it/ElPrestamoS \nApple Music: http://smarturl.it/ElPrestamoA \nAmazon Music: http://smarturl.it/ElPrestamoAm \nGoogle Play: http://smarturl.it/ElPrestamoGP \nChoose Your Platform!: https://SML.lnk.to/ElPrestamo\n\nFollow Maluma!\nOfficial site: http://www.malumamusik.com\nFacebook: http://www.facebook.com/MALUMAMUSIK\nTwitter: http://www.twitter.com/maluma\nInstagram: http://www.instagram.com/maluma\nYouTube: http://www.youtube.com/user/MalumaVEVO\nOfficial music video by Maluma performing El Prestamo (C) 2018 Sony Music Entertainment US Latin LLC,Music,0.0005250136801938368
-BQJo3vK8O8,18.19.03,Maluma - El Préstamo (Official Video),MalumaVEVO,10,2018-03-09T11:00:01.000Z,"Maluma Music|""Maluma Official Video""|""Maluma Video""|""Maluma Video Oficial""|""Maluma Nuevo Video""|""Maluma New Video""|""El Prestamo""|""El Prestamo Official Video""|""El Prestamo Official Remix Video""|""El Prestamo Single""|""Maluma New Single""|""Maluma Single""|""Maluma Song""|""El Prestamo new song""|""El Prestamo nueva canción""|""Maluma nueva cancion""|""Maluma sencillo""|""Maluma nuevo sencillo""|""Maluma El Prestamo""|""Maluma F.A.M.E""|""Maluma F.A.M.EF.A.M.E""|""El Prestamo BTS""|""El""|""the""",64594661,714816,62029,32727,https://i.ytimg.com/vi/-BQJo3vK8O8/default.jpg,False,False,False,Maluma - El Prestamo (Official Music Video)\nEl Prestamo is available on the digital platforms!\niTunes: http://smarturl.it/ElPrestamo \nSpotify: http://smarturl.it/ElPrestamoS \nApple Music: http://smarturl.it/ElPrestamoA \nAmazon Music: http://smarturl.it/ElPrestamoAm \nGoogle Play: http://smarturl.it/ElPrestamoGP \nChoose Your Platform!: https://SML.lnk.to/ElPrestamo\n\nFollow Maluma!\nOfficial site: http://www.malumamusik.com\nFacebook: http://www.facebook.com/MALUMAMUSIK\nTwitter: http://www.twitter.com/maluma\nInstagram: http://www.instagram.com/maluma\nYouTube: http://www.youtube.com/user/MalumaVEVO\nOfficial music video by Maluma performing El Prestamo (C) 2018 Sony Music Entertainment US Latin LLC,Music,0.0005066517725566858
-BQJo3vK8O8,18.20.03,Maluma - El Préstamo (Official Video),MalumaVEVO,10,2018-03-09T11:00:01.000Z,"Maluma Music|""Maluma Official Video""|""Maluma Video""|""Maluma Video Oficial""|""Maluma Nuevo Video""|""Maluma New Video""|""El Prestamo""|""El Prestamo Official Video""|""El Prestamo Official Remix Video""|""El Prestamo Single""|""Maluma New Single""|""Maluma Single""|""Maluma Song""|""El Prestamo new song""|""El Prestamo nueva canción""|""Maluma nueva cancion""|""Maluma sencillo""|""Maluma nuevo sencillo""|""Maluma El Prestamo""|""Maluma F.A.M.E""|""Maluma F.A.M.EF.A.M.E""|""El Prestamo BTS""|""El""|""the""",68480947,733499,63862,33326,https://i.ytimg.com/vi/-BQJo3vK8O8/default.jpg,False,False,False,Maluma - El Prestamo (Official Music Video)\nEl Prestamo is available on the digital platforms!\niTunes: http://smarturl.it/ElPrestamo \nSpotify: http://smarturl.it/ElPrestamoS \nApple Music: http://smarturl.it/ElPrestamoA \nAmazon Music: http://smarturl.it/ElPrestamoAm \nGoogle Play: http://smarturl.it/ElPrestamoGP \nChoose Your Platform!: https://SML.lnk.to/ElPrestamo\n\nFollow Maluma!\nOfficial site: http://www.malumamusik.com\nFacebook: http://www.facebook.com/MALUMAMUSIK\nTwitter: http://www.twitter.com/maluma\nInstagram: http://www.instagram.com/maluma\nYouTube: http://www.youtube.com/user/MalumaVEVO\nOfficial music video by Maluma performing El Prestamo (C) 2018 Sony Music Entertainment US Latin LLC,Music,0.0004866463005155828
-BQJo3vK8O8,18.21.03,Maluma - El Préstamo (Official Video),MalumaVEVO,10,2018-03-09T11:00:01.000Z,"Maluma Music|""Maluma Official Video""|""Maluma Video""|""Maluma Video Oficial""|""Maluma Nuevo Video""|""Maluma New Video""|""El Prestamo""|""El Prestamo Official Video""|""El Prestamo Official Remix Video""|""El Prestamo Single""|""Maluma New Single""|""Maluma Single""|""Maluma Song""|""El Prestamo new song""|""El Prestamo nueva canción""|""Maluma nueva cancion""|""Maluma sencillo""|""Maluma nuevo sencillo""|""Maluma El Prestamo""|""Maluma F.A.M.E""|""Maluma F.A.M.EF.A.M.E""|""El Prestamo BTS""|""El""|""the""",72206357,750096,65472,33838,https://i.ytimg.com/vi/-BQJo3vK8O8/default.jpg,False,False,False,Maluma - El Prestamo (Official Music Video)\nEl Prestamo is available on the digital platforms!\niTunes: http://smarturl.it/ElPrestamo \nSpotify: http://smarturl.it/ElPrestamoS \nApple Music: http://smarturl.it/ElPrestamoA \nAmazon Music: http://smarturl.it/ElPrestamoAm \nGoogle Play: http://smarturl.it/ElPrestamoGP \nChoose Your Platform!: https://SML.lnk.to/ElPrestamo\n\nFollow Maluma!\nOfficial site: http://www.malumamusik.com\nFacebook: http://www.facebook.com/MALUMAMUSIK\nTwitter: http://www.twitter.com/maluma\nInstagram: http://www.instagram.com/maluma\nYouTube: http://www.youtube.com/user/MalumaVEVO\nOfficial music video by Maluma performing El Prestamo (C) 2018 Sony Music Entertainment US Latin LLC,Music,0.00046862909219157683
-BQJo3vK8O8,18.22.03,Maluma - El Préstamo (Official Video),MalumaVEVO,10,2018-03-09T11:00:01.000Z,"Maluma Music|""Maluma Official Video""|""Maluma Video""|""Maluma Video Oficial""|""Maluma Nuevo Video""|""Maluma New Video""|""El Prestamo""|""El Prestamo Official Video""|""El Prestamo Official Remix Video""|""El Prestamo Single""|""Maluma New Single""|""Maluma Single""|""Maluma Song""|""El Prestamo new song""|""El Prestamo nueva canción""|""Maluma nueva cancion""|""Maluma sencillo""|""Maluma nuevo sencillo""|""Maluma El Prestamo""|""Maluma F.A.M.E""|""Maluma F.A.M.EF.A.M.E""|""El Prestamo BTS""|""El""|""the""",75697961,765637,66867,34433,https://i.ytimg.com/vi/-BQJo3vK8O8/default.jpg,False,False,False,Maluma - El Prestamo (Official Music Video)\nEl Prestamo is available on the digital platforms!\niTunes: http://smarturl.it/ElPrestamo \nSpotify: http://smarturl.it/ElPrestamoS \nApple Music: http://smarturl.it/ElPrestamoA \nAmazon Music: http://smarturl.it/ElPrestamoAm \nGoogle Play: http://smarturl.it/ElPrestamoGP \nChoose Your Platform!: https://SML.lnk.to/ElPrestamo\n\nFollow Maluma!\nOfficial site: http://www.malumamusik.com\nFacebook: http://www.facebook.com/MALUMAMUSIK\nTwitter: http://www.twitter.com/maluma\nInstagram: http://www.instagram.com/maluma\nYouTube: http://www.youtube.com/user/MalumaVEVO\nOfficial music video by Maluma performing El Prestamo (C) 2018 Sony Music Entertainment US Latin LLC,Music,0.00045487354071698785
-BQJo3vK8O8,18.23.03,Maluma - El Préstamo (Official Video),MalumaVEVO,10,2018-03-09T11:00:01.000Z,"Maluma Music|""Maluma Official Video""|""Maluma Video""|""Maluma Video Oficial""|""Maluma Nuevo Video""|""Maluma New Video""|""El Prestamo""|""El Prestamo Official Video""|""El Prestamo Official Remix Video""|""El Prestamo Single""|""Maluma New Single""|""Maluma Single""|""Maluma Song""|""El Prestamo new song""|""El Prestamo nueva canción""|""Maluma nueva cancion""|""Maluma sencillo""|""Maluma nuevo sencillo""|""Maluma El Prestamo""|""Maluma F.A.M.E""|""Maluma F.A.M.EF.A.M.E""|""El Prestamo BTS""|""El""|""the""",79333122,781521,68368,34879,https://i.ytimg.com/vi/-BQJo3vK8O8/default.jpg,False,False,False,Maluma - El Prestamo (Official Music Video)\nEl Prestamo is available on the digital platforms!\niTunes: http://smarturl.it/ElPrestamo \nSpotify: http://smarturl.it/ElPrestamoS \nApple Music: http://smarturl.it/ElPrestamoA \nAmazon Music: http://smarturl.it/ElPrestamoAm \nGoogle Play: http://smarturl.it/ElPrestamoGP \nChoose Your Platform!: https://SML.lnk.to/ElPrestamo\n\nFollow Maluma!\nOfficial site: http://www.malumamusik.com\nFacebook: http://www.facebook.com/MALUMAMUSIK\nTwitter: http://www.twitter.com/maluma\nInstagram: http://www.instagram.com/maluma\nYouTube: http://www.youtube.com/user/MalumaVEVO\nOfficial music video by Maluma performing El Prestamo (C) 2018 Sony Music Entertainment US Latin LLC,Music,0.0004396524261373147
-BQJo3vK8O8,18.24.03,Maluma - El Préstamo (Official Video),MalumaVEVO,10,2018-03-09T11:00:01.000Z,"Maluma Music|""Maluma Official Video""|""Maluma Video""|""Maluma Video Oficial""|""Maluma Nuevo Video""|""Maluma New Video""|""El Prestamo""|""El Prestamo Official Video""|""El Prestamo Official Remix Video""|""El Prestamo Single""|""Maluma New Single""|""Maluma Single""|""Maluma Song""|""El Prestamo new song""|""El Prestamo nueva canción""|""Maluma nueva cancion""|""Maluma sencillo""|""Maluma nuevo sencillo""|""Maluma El Prestamo""|""Maluma F.A.M.E""|""Maluma F.A.M.EF.A.M.E""|""El Prestamo BTS""|""El""|""the""",83119299,798345,69931,35447,https://i.ytimg.com/vi/-BQJo3vK8O8/default.jpg,False,False,False,Maluma - El Prestamo (Official Music Video)\nEl Prestamo is available on the digital platforms!\niTunes: http://smarturl.it/ElPrestamo \nSpotify: http://smarturl.it/ElPrestamoS \nApple Music: http://smarturl.it/ElPrestamoA \nAmazon Music: http://smarturl.it/ElPrestamoAm \nGoogle Play: http://smarturl.it/ElPrestamoGP \nChoose Your Platform!: https://SML.lnk.to/ElPrestamo\n\nFollow Maluma!\nOfficial site: http://www.malumamusik.com\nFacebook: http://www.facebook.com/MALUMAMUSIK\nTwitter: http://www.twitter.com/maluma\nInstagram: http://www.instagram.com/maluma\nYouTube: http://www.youtube.com/user/MalumaVEVO\nOfficial music video by Maluma performing El Prestamo (C) 2018 Sony Music Entertainment US Latin LLC,Music,0.0004264593181126405
-BQJo3vK8O8,18.25.03,Maluma - El Préstamo (Official Video),MalumaVEVO,10,2018-03-09T11:00:01.000Z,"Maluma Music|""Maluma Official Video""|""Maluma Video""|""Maluma Video Oficial""|""Maluma Nuevo Video""|""Maluma New Video""|""El Prestamo""|""El Prestamo Official Video""|""El Prestamo Official Remix Video""|""El Prestamo Single""|""Maluma New Single""|""Maluma Single""|""Maluma Song""|""El Prestamo new song""|""El Prestamo nueva canción""|""Maluma nueva cancion""|""Maluma sencillo""|""Maluma nuevo sencillo""|""Maluma El Prestamo""|""Maluma F.A.M.E""|""Maluma F.A.M.EF.A.M.E""|""El Prestamo BTS""|""El""|""the""",87264467,815369,71494,35945,https://i.ytimg.com/vi/-BQJo3vK8O8/default.jpg,False,False,False,Maluma - El Prestamo (Official Music Video)\nEl Prestamo is available on the digital platforms!\niTunes: http://smarturl.it/ElPrestamo \nSpotify: http://smarturl.it/ElPrestamoS \nApple Music: http://smarturl.it/ElPrestamoA \nAmazon Music: http://smarturl.it/ElPrestamoAm \nGoogle Play: http://smarturl.it/ElPrestamoGP \nChoose Your Platform!: https://SML.lnk.to/ElPrestamo\n\nFollow Maluma!\nOfficial site: http://www.malumamusik.com\nFacebook: http://www.facebook.com/MALUMAMUSIK\nTwitter: http://www.twitter.com/maluma\nInstagram: http://www.instagram.com/maluma\nYouTube: http://www.youtube.com/user/MalumaVEVO\nOfficial music video by Maluma performing El Prestamo (C) 2018 Sony Music Entertainment US Latin LLC,Music,0.00041190877368323613
rsEne1ZiQrk,18.14.04,The Weeknd - Call Out My Name (Official Audio),The Weeknd,10,2018-03-30T03:07:19.000Z,"The Weeknd|""Call Out My Name""|""Official Audio""|""My Dear Melancholy""|""XO""",32172015,619284,13207,25902,https://i.ytimg.com/vi/rsEne1ZiQrk/default.jpg,False,False,False,"My Dear Melancholy,\nAvailable now from The Weeknd.\nhttp://theweeknd.co/mdmYD\n\nConnect with The Weeknd\nhttps://facebook.com/theweeknd\nhttps://instagram.com/theweeknd\nhttps://soundcloud.com/theweeknd\nhttps://twitter.com/theweeknd\nhttps://www.theweeknd.com",Music,0.0008051096331669113
rsEne1ZiQrk,18.15.04,The Weeknd - Call Out My Name (Official Audio),The Weeknd,10,2018-03-30T03:07:19.000Z,"The Weeknd|""Call Out My Name""|""Official Audio""|""My Dear Melancholy""|""XO""",33839045,628413,13597,26092,https://i.ytimg.com/vi/rsEne1ZiQrk/default.jpg,False,False,False,"My Dear Melancholy,\nAvailable now from The Weeknd.\nhttp://theweeknd.co/mdmYD\n\nConnect with The Weeknd\nhttps://facebook.com/theweeknd\nhttps://instagram.com/theweeknd\nhttps://soundcloud.com/theweeknd\nhttps://twitter.com/theweeknd\nhttps://www.theweeknd.com",Music,0.0007710619265093939
rsEne1ZiQrk,18.16.04,The Weeknd - Call Out My Name (Official Audio),The Weeknd,10,2018-03-30T03:07:19.000Z,"The Weeknd|""Call Out My Name""|""Official Audio""|""My Dear Melancholy""|""XO""",35334195,637538,13980,26291,https://i.ytimg.com/vi/rsEne1ZiQrk/default.jpg,False,False,False,"My Dear Melancholy,\nAvailable now from The Weeknd.\nhttp://theweeknd.co/mdmYD\n\nConnect with The Weeknd\nhttps://facebook.com/theweeknd\nhttps://instagram.com/theweeknd\nhttps://soundcloud.com/theweeknd\nhttps://twitter.com/theweeknd\nhttps://www.theweeknd.com",Music,0.0007440667392007448
rsEne1ZiQrk,18.17.04,The Weeknd - Call Out My Name (Official Audio),The Weeknd,10,2018-03-30T03:07:19.000Z,"The Weeknd|""Call Out My Name""|""Official Audio""|""My Dear Melancholy""|""XO""",36732627,645830,14360,26427,https://i.ytimg.com/vi/rsEne1ZiQrk/default.jpg,False,False,False,"My Dear Melancholy,\nAvailable now from The Weeknd.\nhttp://theweeknd.co/mdmYD\n\nConnect with The Weeknd\nhttps://facebook.com/theweeknd\nhttps://instagram.com/theweeknd\nhttps://soundcloud.com/theweeknd\nhttps://twitter.com/theweeknd\nhttps://www.theweeknd.com",Music,0.0007194421264931003
rsEne1ZiQrk,18.18.04,The Weeknd - Call Out My Name (Official Audio),The Weeknd,10,2018-03-30T03:07:19.000Z,"The Weeknd|""Call Out My Name""|""Official Audio""|""My Dear Melancholy""|""XO""",38212279,654109,14778,26609,https://i.ytimg.com/vi/rsEne1ZiQrk/default.jpg,False,False,False,"My Dear Melancholy,\nAvailable now from The Weeknd.\nhttp://theweeknd.co/mdmYD\n\nConnect with The Weeknd\nhttps://facebook.com/theweeknd\nhttps://instagram.com/theweeknd\nhttps://soundcloud.com/theweeknd\nhttps://twitter.com/theweeknd\nhttps://www.theweeknd.com",Music,0.0006963468288204734
rsEne1ZiQrk,18.19.04,The Weeknd - Call Out My Name (Official Audio),The Weeknd,10,2018-03-30T03:07:19.000Z,"The Weeknd|""Call Out My Name""|""Official Audio""|""My Dear Melancholy""|""XO""",39814522,661837,15199,26588,https://i.ytimg.com/vi/rsEne1ZiQrk/default.jpg,False,False,False,"My Dear Melancholy,\nAvailable now from The Weeknd.\nhttp://theweeknd.co/mdmYD\n\nConnect with The Weeknd\nhttps://facebook.com/theweeknd\nhttps://instagram.com/theweeknd\nhttps://soundcloud.com/theweeknd\nhttps://twitter.com/theweeknd\nhttps://www.theweeknd.com",Music,0.0006677965223895813
rsEne1ZiQrk,18.20.04,The Weeknd - Call Out My Name (Official Audio),The Weeknd,10,2018-03-30T03:07:19.000Z,"The Weeknd|""Call Out My Name""|""Official Audio""|""My Dear Melancholy""|""XO""",41604561,670203,15663,26743,https://i.ytimg.com/vi/rsEne1ZiQrk/default.jpg,False,False,False,"My Dear Melancholy,\nAvailable now from The Weeknd.\nhttp://theweeknd.co/mdmYD\n\nConnect with The Weeknd\nhttps://facebook.com/theweeknd\nhttps://instagram.com/theweeknd\nhttps://soundcloud.com/theweeknd\nhttps://twitter.com/theweeknd\nhttps://www.theweeknd.com",Music,0.0006427900863371665
Bm8rz-llMhE,18.24.04,"Calvin Harris, Dua Lipa - One Kiss (Lyric Video)",CalvinHarrisVEVO,10,2018-04-06T04:00:00.000Z,"calvin harris|""calvin harris one kiss""|""calvin harris dua lipa one kiss""|""dua lipa one kiss""|""one kiss""|""one kiss lyrics""|""calvin harris one kiss lyrics""|""calvin harris dua lipa one kiss live""|""calvin harris dua lipa one kiss lyrics""|""dua lipa one kiss lyrics""|""dua lipa one kiss live""|""calvin harris feels""|""calvin harris summer""|""calvin harris nuh ready""|""calvin harris thinking about you""|""calvin harris my way""|""calvin harris feel so close""|""calvin""|""harris""",30061253,510475,15489,12134,https://i.ytimg.com/vi/Bm8rz-llMhE/default.jpg,False,False,False,Calvin Harris & Dua Lipa – One Kiss (Official Lyric Video)\nListen/download here: http://smarturl.it/one-kiss\n \nFollow Calvin Harris Radio (playlist): http://smarturl.it/CalvinHarrisRadio\nSubscribe to Calvin's channel: http://smarturl.it/CHVevo?IQid=YT\n \n--------------\n\nFollow Calvin online: \n\nhttp://calvinharris.com\nSnapchat: http://smarturl.it/CHSnapchat?IQid=YT\nInstagram: http://smarturl.it/CHInstagram?IQid=YT      \nFacebook: http://smarturl.it/CHFacebook?IQid=YT   \nTwitter: http://smarturl.it/CHTwitter?IQid=YT    \nSpotify: http://smarturl.it/CHSptfy?IQid=YT\nSubscribe here: https://goo.gl/EVtTwd,Music,0.0004036425093909921
M4ZoCHID9GI,18.27.04,The Weeknd - Call Out My Name (Official Video),TheWeekndVEVO,10,2018-04-12T16:00:04.000Z,"The|""Weeknd""|""Call""|""Out""|""My""|""Name""",54271214,1049132,24325,45242,https://i.ytimg.com/vi/M4ZoCHID9GI/default.jpg,False,False,False,"Call Out My Name (Official Video)\nTaken from the album My Dear Melancholy,\nhttp://theweeknd.co/mdmYD \n\nConnect with The Weeknd:\nhttp://www.facebook.com/theweeknd \nhttp://instagram.com/theweeknd \nhttps://soundcloud.com/theweeknd \nhttps://twitter.com/TheWeeknd \nhttps://www.theweeknd.com \n\n\nDirected by Grant Singer\n\nPRODUCER – Saul Germaine\nEXECUTIVE PRODUCER – Nina Soriano\nFor Anonymous Content\n\nDIRECTOR OF PHOTOGRAPHY – Alexis Zabe\nPRODUCTION DESIGNER – Page Buckner\nEDITOR – Nate Gross for Exile Edit\nCOLORIST – Simon Bourne for Framestore\nVFX – The Mill \nVFX SUPERVISOR – David Lawson\nVFX CREATIVE DIRECTOR – Becky Porter\n2D LEAD ARTIST – Jason Bergman\n3D LEAD ARTIST – David Lawson\nAUDIO MIXER – Adam Primack for Lime Studios\n\nMusic video by The Weeknd performing Call Out My Name. © 2018 The Weeknd XO, Inc., Manufactured and Marketed by Republic Records, a Division of UMG Recordings, Inc.\n\nhttp://vevo.ly/wvSjbc",Music,0.0008336279185936781
M4ZoCHID9GI,18.28.04,The Weeknd - Call Out My Name (Official Video),TheWeekndVEVO,10,2018-04-12T16:00:04.000Z,"The|""Weeknd""|""Call""|""Out""|""My""|""Name""",58899002,1081284,25543,46115,https://i.ytimg.com/vi/M4ZoCHID9GI/default.jpg,False,False,False,"Call Out My Name (Official Video)\nTaken from the album My Dear Melancholy,\nhttp://theweeknd.co/mdmYD \n\nConnect with The Weeknd:\nhttp://www.facebook.com/theweeknd \nhttp://instagram.com/theweeknd \nhttps://soundcloud.com/theweeknd \nhttps://twitter.com/TheWeeknd \nhttps://www.theweeknd.com \n\n\nDirected by Grant Singer\n\nPRODUCER – Saul Germaine\nEXECUTIVE PRODUCER – Nina Soriano\nFor Anonymous Content\n\nDIRECTOR OF PHOTOGRAPHY – Alexis Zabe\nPRODUCTION DESIGNER – Page Buckner\nEDITOR – Nate Gross for Exile Edit\nCOLORIST – Simon Bourne for Framestore\nVFX – The Mill \nVFX SUPERVISOR – David Lawson\nVFX CREATIVE DIRECTOR – Becky Porter\n2D LEAD ARTIST – Jason Bergman\n3D LEAD ARTIST – David Lawson\nAUDIO MIXER – Adam Primack for Lime Studios\n\nMusic video by The Weeknd performing Call Out My Name. © 2018 The Weeknd XO, Inc., Manufactured and Marketed by Republic Records, a Division of UMG Recordings, Inc.\n\nhttp://vevo.ly/wvSjbc",Music,0.0007829504346618567
M4ZoCHID9GI,18.29.04,The Weeknd - Call Out My Name (Official Video),TheWeekndVEVO,10,2018-04-12T16:00:04.000Z,"The|""Weeknd""|""Call""|""Out""|""My""|""Name""",62934266,1110336,26477,46953,https://i.ytimg.com/vi/M4ZoCHID9GI/default.jpg,False,False,False,"Call Out My Name (Official Video)\nTaken from the album My Dear Melancholy,\nhttp://theweeknd.co/mdmYD \n\nConnect with The Weeknd:\nhttp://www.facebook.com/theweeknd \nhttp://instagram.com/theweeknd \nhttps://soundcloud.com/theweeknd \nhttps://twitter.com/TheWeeknd \nhttps://www.theweeknd.com \n\n\nDirected by Grant Singer\n\nPRODUCER – Saul Germaine\nEXECUTIVE PRODUCER – Nina Soriano\nFor Anonymous Content\n\nDIRECTOR OF PHOTOGRAPHY – Alexis Zabe\nPRODUCTION DESIGNER – Page Buckner\nEDITOR – Nate Gross for Exile Edit\nCOLORIST – Simon Bourne for Framestore\nVFX – The Mill \nVFX SUPERVISOR – David Lawson\nVFX CREATIVE DIRECTOR – Becky Porter\n2D LEAD ARTIST – Jason Bergman\n3D LEAD ARTIST – David Lawson\nAUDIO MIXER – Adam Primack for Lime Studios\n\nMusic video by The Weeknd performing Call Out My Name. © 2018 The Weeknd XO, Inc., Manufactured and Marketed by Republic Records, a Division of UMG Recordings, Inc.\n\nhttp://vevo.ly/wvSjbc",Music,0.0007460641434021946
M4ZoCHID9GI,18.30.04,The Weeknd - Call Out My Name (Official Video),TheWeekndVEVO,10,2018-04-12T16:00:04.000Z,"The|""Weeknd""|""Call""|""Out""|""My""|""Name""",67141103,1139848,27532,47735,https://i.ytimg.com/vi/M4ZoCHID9GI/default.jpg,False,False,False,"Call Out My Name (Official Video)\nTaken from the album My Dear Melancholy,\nhttp://theweeknd.co/mdmYD \n\nConnect with The Weeknd:\nhttp://www.facebook.com/theweeknd \nhttp://instagram.com/theweeknd \nhttps://soundcloud.com/theweeknd \nhttps://twitter.com/TheWeeknd \nhttps://www.theweeknd.com \n\n\nDirected by Grant Singer\n\nPRODUCER – Saul Germaine\nEXECUTIVE PRODUCER – Nina Soriano\nFor Anonymous Content\n\nDIRECTOR OF PHOTOGRAPHY – Alexis Zabe\nPRODUCTION DESIGNER – Page Buckner\nEDITOR – Nate Gross for Exile Edit\nCOLORIST – Simon Bourne for Framestore\nVFX – The Mill \nVFX SUPERVISOR – David Lawson\nVFX CREATIVE DIRECTOR – Becky Porter\n2D LEAD ARTIST – Jason Bergman\n3D LEAD ARTIST – David Lawson\nAUDIO MIXER – Adam Primack for Lime Studios\n\nMusic video by The Weeknd performing Call Out My Name. © 2018 The Weeknd XO, Inc., Manufactured and Marketed by Republic Records, a Division of UMG Recordings, Inc.\n\nhttp://vevo.ly/wvSjbc",Music,0.000710965372270316
M4ZoCHID9GI,18.01.05,The Weeknd - Call Out My Name (Official Video),TheWeekndVEVO,10,2018-04-12T16:00:04.000Z,"The|""Weeknd""|""Call""|""Out""|""My""|""Name""",70242925,1159461,28246,48345,https://i.ytimg.com/vi/M4ZoCHID9GI/default.jpg,False,False,False,"Call Out My Name (Official Video)\nTaken from the album My Dear Melancholy,\nhttp://theweeknd.co/mdmYD \n\nConnect with The Weeknd:\nhttp://www.facebook.com/theweeknd \nhttp://instagram.com/theweeknd \nhttps://soundcloud.com/theweeknd \nhttps://twitter.com/TheWeeknd \nhttps://www.theweeknd.com \n\n\nDirected by Grant Singer\n\nPRODUCER – Saul Germaine\nEXECUTIVE PRODUCER – Nina Soriano\nFor Anonymous Content\n\nDIRECTOR OF PHOTOGRAPHY – Alexis Zabe\nPRODUCTION DESIGNER – Page Buckner\nEDITOR – Nate Gross for Exile Edit\nCOLORIST – Simon Bourne for Framestore\nVFX – The Mill \nVFX SUPERVISOR – David Lawson\nVFX CREATIVE DIRECTOR – Becky Porter\n2D LEAD ARTIST – Jason Bergman\n3D LEAD ARTIST – David Lawson\nAUDIO MIXER – Adam Primack for Lime Studios\n\nMusic video by The Weeknd performing Call Out My Name. © 2018 The Weeknd XO, Inc., Manufactured and Marketed by Republic Records, a Division of UMG Recordings, Inc.\n\nhttp://vevo.ly/wvSjbc",Music,0.0006882543588802095
zEf423kYfqk,18.05.05,"Becky G, Natti Natasha - Sin Pijama (Official Video)",BeckyGVEVO,10,2018-04-20T10:40:51.000Z,"Becky G|""Natti Natasha""|""Natti Natasha Music""|""Natti Natasha Official Video""|""Natti Natasha Video""|""Natti Natasha Video Oficial""|""Natti Natasha Nuevo Video""|""Natti Natasha New Video""|""Sin Pijama Official Video""|""Official Video""|""Sin Pijama Official Remix Video""|""Sin Pijama Single""|""Single""|""Natti Natasha New Single""|""Natti Natasha Single""|""Natti Natasha Song""|""Sin Pijama new song""|""Sin Pijama nueva canción""|""Natti Natasha nueva cancion""|""Natti""|""Natasha""|""en""",81788629,1150218,96620,68334,https://i.ytimg.com/vi/zEf423kYfqk/default.jpg,False,False,False,"Becky G & Natti Natasha – “Sin Pijama”NUEVO SENCILLO “Sin Pijama” DISPONIBLE AHORA iTunes: http://smarturl.it/SinPijamaI   Apple Music: http://smarturl.it/SinPijamaA  Spotify: http://smarturl.it/SinPijamaSpot  Amazon Music: http://smarturl.it/SinPijamaAm  Google Play: http://smarturl.it/SinPijamaGPDeezer: http://smarturl.it/SinPijamaD ¡Elige tu plataforma de preferencia!: https://SML.lnk.to/SinPijama ESCÚCHA Sin Pijama EN LATINO VIBES ....¡SIGUE ESTE PLAYLIST AHORA PARA ESCÚCHAR NUEVA MÚSICA + LOS MEJORES PUNTOS LATINOS DE HOY!Apple Music: http://smarturl.it/LatinoVibesA   Spotify: http://smarturl.it/LatinoVibesS SIGUE A BECKY G EN: Página web oficial: http://iambeckyg.com Instagram: http://smarturl.it/BeckyGInstagram Facebook: http://smarturl.it/BeckyGFB Twitter: http://smarturl.it/BeckyGTWSIGUE A NATTI NATASHA EN: INSTAGRAM: https://www.instagram.com/nattinatasha/ FACEBOOK: https://www.facebook.com/NattiNatashaOfficial/ Official music video by Becky G, Natti Natasha performing Sin Pijama . (C) 2018 Sony Music Entertainment US Latin LLC",Music,0.0008354951048819378
zEf423kYfqk,18.06.05,"Becky G, Natti Natasha - Sin Pijama (Official Video)",BeckyGVEVO,10,2018-04-20T10:40:51.000Z,"Becky G|""Natti Natasha""|""Natti Natasha Music""|""Natti Natasha Official Video""|""Natti Natasha Video""|""Natti Natasha Video Oficial""|""Natti Natasha Nuevo Video""|""Natti Natasha New Video""|""Sin Pijama Official Video""|""Official Video""|""Sin Pijama Official Remix Video""|""Sin Pijama Single""|""Single""|""Natti Natasha New Single""|""Natti Natasha Single""|""Natti Natasha Song""|""Sin Pijama new song""|""Sin Pijama nueva canción""|""Natti Natasha nueva cancion""|""Natti""|""Natasha""|""en""",88568646,1185356,99361,70242,https://i.ytimg.com/vi/zEf423kYfqk/default.jpg,False,False,False,"Becky G & Natti Natasha – “Sin Pijama”NUEVO SENCILLO “Sin Pijama” DISPONIBLE AHORA iTunes: http://smarturl.it/SinPijamaI   Apple Music: http://smarturl.it/SinPijamaA  Spotify: http://smarturl.it/SinPijamaSpot  Amazon Music: http://smarturl.it/SinPijamaAm  Google Play: http://smarturl.it/SinPijamaGPDeezer: http://smarturl.it/SinPijamaD ¡Elige tu plataforma de preferencia!: https://SML.lnk.to/SinPijama ESCÚCHA Sin Pijama EN LATINO VIBES ....¡SIGUE ESTE PLAYLIST AHORA PARA ESCÚCHAR NUEVA MÚSICA + LOS MEJORES PUNTOS LATINOS DE HOY!Apple Music: http://smarturl.it/LatinoVibesA   Spotify: http://smarturl.it/LatinoVibesS SIGUE A BECKY G EN: Página web oficial: http://iambeckyg.com Instagram: http://smarturl.it/BeckyGInstagram Facebook: http://smarturl.it/BeckyGFB Twitter: http://smarturl.it/BeckyGTWSIGUE A NATTI NATASHA EN: INSTAGRAM: https://www.instagram.com/nattinatasha/ FACEBOOK: https://www.facebook.com/NattiNatashaOfficial/ Official music video by Becky G, Natti Natasha performing Sin Pijama . (C) 2018 Sony Music Entertainment US Latin LLC",Music,0.0007930797452511609
zEf423kYfqk,18.07.05,"Becky G, Natti Natasha - Sin Pijama (Official Video)",BeckyGVEVO,10,2018-04-20T10:40:51.000Z,"Becky G|""Natti Natasha""|""Natti Natasha Music""|""Natti Natasha Official Video""|""Natti Natasha Video""|""Natti Natasha Video Oficial""|""Natti Natasha Nuevo Video""|""Natti Natasha New Video""|""Sin Pijama Official Video""|""Official Video""|""Sin Pijama Official Remix Video""|""Sin Pijama Single""|""Single""|""Natti Natasha New Single""|""Natti Natasha Single""|""Natti Natasha Song""|""Sin Pijama new song""|""Sin Pijama nueva canción""|""Natti Natasha nueva cancion""|""Natti""|""Natasha""|""en""",94016241,1214283,101702,71808,https://i.ytimg.com/vi/zEf423kYfqk/default.jpg,False,False,False,"Becky G & Natti Natasha – “Sin Pijama”NUEVO SENCILLO “Sin Pijama” DISPONIBLE AHORA iTunes: http://smarturl.it/SinPijamaI   Apple Music: http://smarturl.it/SinPijamaA  Spotify: http://smarturl.it/SinPijamaSpot  Amazon Music: http://smarturl.it/SinPijamaAm  Google Play: http://smarturl.it/SinPijamaGPDeezer: http://smarturl.it/SinPijamaD ¡Elige tu plataforma de preferencia!: https://SML.lnk.to/SinPijama ESCÚCHA Sin Pijama EN LATINO VIBES ....¡SIGUE ESTE PLAYLIST AHORA PARA ESCÚCHAR NUEVA MÚSICA + LOS MEJORES PUNTOS LATINOS DE HOY!Apple Music: http://smarturl.it/LatinoVibesA   Spotify: http://smarturl.it/LatinoVibesS SIGUE A BECKY G EN: Página web oficial: http://iambeckyg.com Instagram: http://smarturl.it/BeckyGInstagram Facebook: http://smarturl.it/BeckyGFB Twitter: http://smarturl.it/BeckyGTWSIGUE A NATTI NATASHA EN: INSTAGRAM: https://www.instagram.com/nattinatasha/ FACEBOOK: https://www.facebook.com/NattiNatashaOfficial/ Official music video by Becky G, Natti Natasha performing Sin Pijama . (C) 2018 Sony Music Entertainment US Latin LLC",Music,0.0007637829216785755
zEf423kYfqk,18.08.05,"Becky G, Natti Natasha - Sin Pijama (Official Video)",BeckyGVEVO,10,2018-04-20T10:40:51.000Z,"Becky G|""Natti Natasha""|""Natti Natasha Music""|""Natti Natasha Official Video""|""Natti Natasha Video""|""Natti Natasha Video Oficial""|""Natti Natasha Nuevo Video""|""Natti Natasha New Video""|""Sin Pijama Official Video""|""Official Video""|""Sin Pijama Official Remix Video""|""Sin Pijama Single""|""Single""|""Natti Natasha New Single""|""Natti Natasha Single""|""Natti Natasha Song""|""Sin Pijama new song""|""Sin Pijama nueva canción""|""Natti Natasha nueva cancion""|""Natti""|""Natasha""|""en""",99159833,1237711,103815,73213,https://i.ytimg.com/vi/zEf423kYfqk/default.jpg,False,False,False,"Becky G & Natti Natasha – “Sin Pijama”NUEVO SENCILLO “Sin Pijama” DISPONIBLE AHORA iTunes: http://smarturl.it/SinPijamaI   Apple Music: http://smarturl.it/SinPijamaA  Spotify: http://smarturl.it/SinPijamaSpot  Amazon Music: http://smarturl.it/SinPijamaAm  Google Play: http://smarturl.it/SinPijamaGPDeezer: http://smarturl.it/SinPijamaD ¡Elige tu plataforma de preferencia!: https://SML.lnk.to/SinPijama ESCÚCHA Sin Pijama EN LATINO VIBES ....¡SIGUE ESTE PLAYLIST AHORA PARA ESCÚCHAR NUEVA MÚSICA + LOS MEJORES PUNTOS LATINOS DE HOY!Apple Music: http://smarturl.it/LatinoVibesA   Spotify: http://smarturl.it/LatinoVibesS SIGUE A BECKY G EN: Página web oficial: http://iambeckyg.com Instagram: http://smarturl.it/BeckyGInstagram Facebook: http://smarturl.it/BeckyGFB Twitter: http://smarturl.it/BeckyGTWSIGUE A NATTI NATASHA EN: INSTAGRAM: https://www.instagram.com/nattinatasha/ FACEBOOK: https://www.facebook.com/NattiNatashaOfficial/ Official music video by Becky G, Natti Natasha performing Sin Pijama . (C) 2018 Sony Music Entertainment US Latin LLC",Music,0.0007383332247208078
zEf423kYfqk,18.09.05,"Becky G, Natti Natasha - Sin Pijama (Official Video)",BeckyGVEVO,10,2018-04-20T10:40:51.000Z,"Becky G|""Natti Natasha""|""Natti Natasha Music""|""Natti Natasha Official Video""|""Natti Natasha Video""|""Natti Natasha Video Oficial""|""Natti Natasha Nuevo Video""|""Natti Natasha New Video""|""Sin Pijama Official Video""|""Official Video""|""Sin Pijama Official Remix Video""|""Sin Pijama Single""|""Single""|""Natti Natasha New Single""|""Natti Natasha Single""|""Natti Natasha Song""|""Sin Pijama new song""|""Sin Pijama nueva canción""|""Natti Natasha nueva cancion""|""Natti""|""Natasha""|""en""",104400749,1262532,105911,74812,https://i.ytimg.com/vi/zEf423kYfqk/default.jpg,False,False,False,"Becky G & Natti Natasha – “Sin Pijama”NUEVO SENCILLO “Sin Pijama” DISPONIBLE AHORA iTunes: http://smarturl.it/SinPijamaI   Apple Music: http://smarturl.it/SinPijamaA  Spotify: http://smarturl.it/SinPijamaSpot  Amazon Music: http://smarturl.it/SinPijamaAm  Google Play: http://smarturl.it/SinPijamaGPDeezer: http://smarturl.it/SinPijamaD ¡Elige tu plataforma de preferencia!: https://SML.lnk.to/SinPijama ESCÚCHA Sin Pijama EN LATINO VIBES ....¡SIGUE ESTE PLAYLIST AHORA PARA ESCÚCHAR NUEVA MÚSICA + LOS MEJORES PUNTOS LATINOS DE HOY!Apple Music: http://smarturl.it/LatinoVibesA   Spotify: http://smarturl.it/LatinoVibesS SIGUE A BECKY G EN: Página web oficial: http://iambeckyg.com Instagram: http://smarturl.it/BeckyGInstagram Facebook: http://smarturl.it/BeckyGFB Twitter: http://smarturl.it/BeckyGTWSIGUE A NATTI NATASHA EN: INSTAGRAM: https://www.instagram.com/nattinatasha/ FACEBOOK: https://www.facebook.com/NattiNatashaOfficial/ Official music video by Becky G, Natti Natasha performing Sin Pijama . (C) 2018 Sony Music Entertainment US Latin LLC",Music,0.0007165848904342162
DkeiKbqa02g,18.13.05,"Calvin Harris, Dua Lipa - One Kiss (Official Video)",CalvinHarrisVEVO,10,2018-05-02T23:01:00.000Z,"calvin harris|""calvin harris one kiss""|""calvin harris dua lipa""|""calvin harris dua lipa one kiss""|""one kiss""|""calvin harris dua lipa one kiss graham norton""|""calvin harris radio 1""|""calvin harris dua lipa one kiss live""|""dua lipa one kiss live""|""calvin harris dua lipa one kiss lyrics""|""calvin harris one kiss lyrics""|""calvin harris one kiss live""|""calvin harris feels""|""calvin harris summer""|""calvin harris nuh ready""|""calvin harris slide""|""calvin""|""harris""|""you""",32024760,591702,23611,20227,https://i.ytimg.com/vi/DkeiKbqa02g/default.jpg,False,False,False,Calvin Harris & Dua Lipa – One Kiss (Official Video)Listen/download here: http://smarturl.it/One-Kiss Follow Calvin Harris Radio (playlist): http://smarturl.it/CalvinHarrisRadioSubscribe to Calvin's channel: http://smarturl.it/CHVevo?IQid=YT -------------- Follow Calvin online:  http://calvinharris.comSnapchat: http://smarturl.it/CHSnapchat?IQid=YTInstagram: http://smarturl.it/CHInstagram?IQid=YT        Facebook: http://smarturl.it/CHFacebook?IQid=YT    Twitter: http://smarturl.it/CHTwitter?IQid=YT     Spotify: http://smarturl.it/CHSptfy?IQid=YTSubscribe here: https://goo.gl/EVtTwd,Music,0.0006316050258735733
M4ZoCHID9GI,18.14.05,The Weeknd - Call Out My Name (Official Video),TheWeekndVEVO,10,2018-04-12T16:00:04.000Z,"The|""Weeknd""|""Call""|""Out""|""My""|""Name""",122544931,1427436,40837,55320,https://i.ytimg.com/vi/M4ZoCHID9GI/default.jpg,False,False,False,"Call Out My Name (Official Video)Taken from the album My Dear Melancholy,http://theweeknd.co/mdmYD Connect with The Weeknd:http://www.facebook.com/theweeknd http://instagram.com/theweeknd https://soundcloud.com/theweeknd https://twitter.com/TheWeeknd https://www.theweeknd.com Directed by Grant SingerPRODUCER – Saul GermaineEXECUTIVE PRODUCER – Nina SorianoFor Anonymous ContentDIRECTOR OF PHOTOGRAPHY – Alexis ZabePRODUCTION DESIGNER – Page BucknerEDITOR – Nate Gross for Exile EditCOLORIST – Simon Bourne for FramestoreVFX – The Mill VFX SUPERVISOR – David LawsonVFX CREATIVE DIRECTOR – Becky Porter2D LEAD ARTIST – Jason Bergman3D LEAD ARTIST – David LawsonAUDIO MIXER – Adam Primack for Lime StudiosMusic video by The Weeknd performing Call Out My Name. © 2018 The Weeknd XO, Inc., Manufactured and Marketed by Republic Records, a Division of UMG Recordings, Inc.http://vevo.ly/wvSjbc",Music,0.00045142625726864004
DkeiKbqa02g,18.15.05,"Calvin Harris, Dua Lipa - One Kiss (Official Video)",CalvinHarrisVEVO,10,2018-05-02T23:01:00.000Z,"calvin harris|""calvin harris one kiss""|""calvin harris dua lipa""|""calvin harris dua lipa one kiss""|""one kiss""|""calvin harris dua lipa one kiss graham norton""|""calvin harris radio 1""|""calvin harris dua lipa one kiss live""|""dua lipa one kiss live""|""calvin harris dua lipa one kiss lyrics""|""calvin harris one kiss lyrics""|""calvin harris one kiss live""|""calvin harris feels""|""calvin harris summer""|""calvin harris nuh ready""|""calvin harris slide""|""calvin""|""harris""|""you""",39067170,639210,26279,21279,https://i.ytimg.com/vi/DkeiKbqa02g/default.jpg,False,False,False,Calvin Harris & Dua Lipa – One Kiss (Official Video)Listen/download here: http://smarturl.it/One-Kiss Follow Calvin Harris Radio (playlist): http://smarturl.it/CalvinHarrisRadioSubscribe to Calvin's channel: http://smarturl.it/CHVevo?IQid=YT -------------- Follow Calvin online:  http://calvinharris.comSnapchat: http://smarturl.it/CHSnapchat?IQid=YTInstagram: http://smarturl.it/CHInstagram?IQid=YT        Facebook: http://smarturl.it/CHFacebook?IQid=YT    Twitter: http://smarturl.it/CHTwitter?IQid=YT     Spotify: http://smarturl.it/CHSptfy?IQid=YTSubscribe here: https://goo.gl/EVtTwd,Music,0.0005446772687994224
zEf423kYfqk,18.15.05,"Becky G, Natti Natasha - Sin Pijama (Official Video)",BeckyGVEVO,10,2018-04-20T10:40:51.000Z,"Becky G|""Natti Natasha""|""Natti Natasha Music""|""Natti Natasha Official Video""|""Natti Natasha Video""|""Natti Natasha Video Oficial""|""Natti Natasha Nuevo Video""|""Natti Natasha New Video""|""Sin Pijama Official Video""|""Official Video""|""Sin Pijama Official Remix Video""|""Sin Pijama Single""|""Single""|""Natti Natasha New Single""|""Natti Natasha Single""|""Natti Natasha Song""|""Sin Pijama new song""|""Sin Pijama nueva canción""|""Natti Natasha nueva cancion""|""Natti""|""Natasha""|""en""",139334502,1425496,119798,83941,https://i.ytimg.com/vi/zEf423kYfqk/default.jpg,False,False,False,"Becky G & Natti Natasha – “Sin Pijama”NUEVO SENCILLO “Sin Pijama” DISPONIBLE AHORA iTunes: http://smarturl.it/SinPijamaI   Apple Music: http://smarturl.it/SinPijamaA  Spotify: http://smarturl.it/SinPijamaSpot  Amazon Music: http://smarturl.it/SinPijamaAm  Google Play: http://smarturl.it/SinPijamaGPDeezer: http://smarturl.it/SinPijamaD ¡Elige tu plataforma de preferencia!: https://SML.lnk.to/SinPijama ESCÚCHA Sin Pijama EN LATINO VIBES ....¡SIGUE ESTE PLAYLIST AHORA PARA ESCÚCHAR NUEVA MÚSICA + LOS MEJORES PUNTOS LATINOS DE HOY!Apple Music: http://smarturl.it/LatinoVibesA   Spotify: http://smarturl.it/LatinoVibesS SIGUE A BECKY G EN: Página web oficial: http://iambeckyg.com Instagram: http://smarturl.it/BeckyGInstagram Facebook: http://smarturl.it/BeckyGFB Twitter: http://smarturl.it/BeckyGTWSIGUE A NATTI NATASHA EN: INSTAGRAM: https://www.instagram.com/nattinatasha/ FACEBOOK: https://www.facebook.com/NattiNatashaOfficial/ Official music video by Becky G, Natti Natasha performing Sin Pijama . (C) 2018 Sony Music Entertainment US Latin LLC",Music,0.0006024423110763886
DkeiKbqa02g,18.16.05,"Calvin Harris, Dua Lipa - One Kiss (Official Video)",CalvinHarrisVEVO,10,2018-05-02T23:01:00.000Z,"calvin harris|""calvin harris one kiss""|""calvin harris dua lipa""|""calvin harris dua lipa one kiss""|""one kiss""|""calvin harris dua lipa one kiss graham norton""|""calvin harris radio 1""|""calvin harris dua lipa one kiss live""|""dua lipa one kiss live""|""calvin harris dua lipa one kiss lyrics""|""calvin harris one kiss lyrics""|""calvin harris one kiss live""|""calvin harris feels""|""calvin harris summer""|""calvin harris nuh ready""|""calvin harris slide""|""calvin""|""harris""|""you""",43662781,666511,27959,22072,https://i.ytimg.com/vi/DkeiKbqa02g/default.jpg,False,False,False,Calvin Harris & Dua Lipa – One Kiss (Official Video)Listen/download here: http://smarturl.it/One-Kiss Follow Calvin Harris Radio (playlist): http://smarturl.it/CalvinHarrisRadioSubscribe to Calvin's channel: http://smarturl.it/CHVevo?IQid=YT -------------- Follow Calvin online:  http://calvinharris.comSnapchat: http://smarturl.it/CHSnapchat?IQid=YTInstagram: http://smarturl.it/CHInstagram?IQid=YT        Facebook: http://smarturl.it/CHFacebook?IQid=YT    Twitter: http://smarturl.it/CHTwitter?IQid=YT     Spotify: http://smarturl.it/CHSptfy?IQid=YTSubscribe here: https://goo.gl/EVtTwd,Music,0.0005055106200058439
DkeiKbqa02g,18.17.05,"Calvin Harris, Dua Lipa - One Kiss (Official Video)",CalvinHarrisVEVO,10,2018-05-02T23:01:00.000Z,"calvin harris|""calvin harris one kiss""|""calvin harris dua lipa""|""calvin harris dua lipa one kiss""|""one kiss""|""calvin harris dua lipa one kiss graham norton""|""calvin harris radio 1""|""calvin harris dua lipa one kiss live""|""dua lipa one kiss live""|""calvin harris dua lipa one kiss lyrics""|""calvin harris one kiss lyrics""|""calvin harris one kiss live""|""calvin harris feels""|""calvin harris summer""|""calvin harris nuh ready""|""calvin harris slide""|""calvin""|""harris""|""you""",47205441,689363,29340,22664,https://i.ytimg.com/vi/DkeiKbqa02g/default.jpg,False,False,False,Calvin Harris & Dua Lipa – One Kiss (Official Video)Listen/download here: http://smarturl.it/One-Kiss Follow Calvin Harris Radio (playlist): http://smarturl.it/CalvinHarrisRadioSubscribe to Calvin's channel: http://smarturl.it/CHVevo?IQid=YT -------------- Follow Calvin online:  http://calvinharris.comSnapchat: http://smarturl.it/CHSnapchat?IQid=YTInstagram: http://smarturl.it/CHInstagram?IQid=YT        Facebook: http://smarturl.it/CHFacebook?IQid=YT    Twitter: http://smarturl.it/CHTwitter?IQid=YT     Spotify: http://smarturl.it/CHSptfy?IQid=YTSubscribe here: https://goo.gl/EVtTwd,Music,0.00048011413599304925
DkeiKbqa02g,18.18.05,"Calvin Harris, Dua Lipa - One Kiss (Official Video)",CalvinHarrisVEVO,10,2018-05-02T23:01:00.000Z,"calvin harris|""calvin harris one kiss""|""calvin harris dua lipa""|""calvin harris dua lipa one kiss""|""one kiss""|""calvin harris dua lipa one kiss graham norton""|""calvin harris radio 1""|""calvin harris dua lipa one kiss live""|""dua lipa one kiss live""|""calvin harris dua lipa one kiss lyrics""|""calvin harris one kiss lyrics""|""calvin harris one kiss live""|""calvin harris feels""|""calvin harris summer""|""calvin harris nuh ready""|""calvin harris slide""|""calvin""|""harris""|""you""",50672793,710138,30610,22988,https://i.ytimg.com/vi/DkeiKbqa02g/default.jpg,False,False,False,Calvin Harris & Dua Lipa – One Kiss (Official Video)Listen/download here: http://smarturl.it/One-Kiss Follow Calvin Harris Radio (playlist): http://smarturl.it/CalvinHarrisRadioSubscribe to Calvin's channel: http://smarturl.it/CHVevo?IQid=YT -------------- Follow Calvin online:  http://calvinharris.comSnapchat: http://smarturl.it/CHSnapchat?IQid=YTInstagram: http://smarturl.it/CHInstagram?IQid=YT        Facebook: http://smarturl.it/CHFacebook?IQid=YT    Twitter: http://smarturl.it/CHTwitter?IQid=YT     Spotify: http://smarturl.it/CHSptfy?IQid=YTSubscribe here: https://goo.gl/EVtTwd,Music,0.00045365566382623386
DkeiKbqa02g,18.19.05,"Calvin Harris, Dua Lipa - One Kiss (Official Video)",CalvinHarrisVEVO,10,2018-05-02T23:01:00.000Z,"calvin harris|""calvin harris one kiss""|""calvin harris dua lipa""|""calvin harris dua lipa one kiss""|""one kiss""|""calvin harris dua lipa one kiss graham norton""|""calvin harris radio 1""|""calvin harris dua lipa one kiss live""|""dua lipa one kiss live""|""calvin harris dua lipa one kiss lyrics""|""calvin harris one kiss lyrics""|""calvin harris one kiss live""|""calvin harris feels""|""calvin harris summer""|""calvin harris nuh ready""|""calvin harris slide""|""calvin""|""harris""|""you""",54223283,730558,31795,23492,https://i.ytimg.com/vi/DkeiKbqa02g/default.jpg,False,False,False,Calvin Harris & Dua Lipa – One Kiss (Official Video)Listen/download here: http://smarturl.it/One-Kiss Follow Calvin Harris Radio (playlist): http://smarturl.it/CalvinHarrisRadioSubscribe to Calvin's channel: http://smarturl.it/CHVevo?IQid=YT -------------- Follow Calvin online:  http://calvinharris.comSnapchat: http://smarturl.it/CHSnapchat?IQid=YTInstagram: http://smarturl.it/CHInstagram?IQid=YT        Facebook: http://smarturl.it/CHFacebook?IQid=YT    Twitter: http://smarturl.it/CHTwitter?IQid=YT     Spotify: http://smarturl.it/CHSptfy?IQid=YTSubscribe here: https://goo.gl/EVtTwd,Music,0.0004332456145592362
DkeiKbqa02g,18.20.05,"Calvin Harris, Dua Lipa - One Kiss (Official Video)",CalvinHarrisVEVO,10,2018-05-02T23:01:00.000Z,"calvin harris|""calvin harris one kiss""|""calvin harris dua lipa""|""calvin harris dua lipa one kiss""|""one kiss""|""calvin harris dua lipa one kiss graham norton""|""calvin harris radio 1""|""calvin harris dua lipa one kiss live""|""dua lipa one kiss live""|""calvin harris dua lipa one kiss lyrics""|""calvin harris one kiss lyrics""|""calvin harris one kiss live""|""calvin harris feels""|""calvin harris summer""|""calvin harris nuh ready""|""calvin harris slide""|""calvin""|""harris""|""you""",57519404,749382,32820,23946,https://i.ytimg.com/vi/DkeiKbqa02g/default.jpg,False,False,False,Calvin Harris & Dua Lipa – One Kiss (Official Video)Listen/download here: http://smarturl.it/One-Kiss Follow Calvin Harris Radio (playlist): http://smarturl.it/CalvinHarrisRadioSubscribe to Calvin's channel: http://smarturl.it/CHVevo?IQid=YT -------------- Follow Calvin online:  http://calvinharris.comSnapchat: http://smarturl.it/CHSnapchat?IQid=YTInstagram: http://smarturl.it/CHInstagram?IQid=YT        Facebook: http://smarturl.it/CHFacebook?IQid=YT    Twitter: http://smarturl.it/CHTwitter?IQid=YT     Spotify: http://smarturl.it/CHSptfy?IQid=YTSubscribe here: https://goo.gl/EVtTwd,Music,0.00041631167777204925
DkeiKbqa02g,18.21.05,"Calvin Harris, Dua Lipa - One Kiss (Official Video)",CalvinHarrisVEVO,10,2018-05-02T23:01:00.000Z,"calvin harris|""calvin harris one kiss""|""calvin harris dua lipa""|""calvin harris dua lipa one kiss""|""one kiss""|""calvin harris dua lipa one kiss graham norton""|""calvin harris radio 1""|""calvin harris dua lipa one kiss live""|""dua lipa one kiss live""|""calvin harris dua lipa one kiss lyrics""|""calvin harris one kiss lyrics""|""calvin harris one kiss live""|""calvin harris feels""|""calvin harris summer""|""calvin harris nuh ready""|""calvin harris slide""|""calvin""|""harris""|""you""",60207478,766198,33699,24363,https://i.ytimg.com/vi/DkeiKbqa02g/default.jpg,False,False,False,Calvin Harris & Dua Lipa – One Kiss (Official Video)Listen/download here: http://smarturl.it/One-Kiss Follow Calvin Harris Radio (playlist): http://smarturl.it/CalvinHarrisRadioSubscribe to Calvin's channel: http://smarturl.it/CHVevo?IQid=YT -------------- Follow Calvin online:  http://calvinharris.comSnapchat: http://smarturl.it/CHSnapchat?IQid=YTInstagram: http://smarturl.it/CHInstagram?IQid=YT        Facebook: http://smarturl.it/CHFacebook?IQid=YT    Twitter: http://smarturl.it/CHTwitter?IQid=YT     Spotify: http://smarturl.it/CHSptfy?IQid=YTSubscribe here: https://goo.gl/EVtTwd,Music,0.00040465072453872383
DkeiKbqa02g,18.22.05,"Calvin Harris, Dua Lipa - One Kiss (Official Video)",CalvinHarrisVEVO,10,2018-05-02T23:01:00.000Z,"calvin harris|""calvin harris one kiss""|""calvin harris dua lipa""|""calvin harris dua lipa one kiss""|""one kiss""|""calvin harris dua lipa one kiss graham norton""|""calvin harris radio 1""|""calvin harris dua lipa one kiss live""|""dua lipa one kiss live""|""calvin harris dua lipa one kiss lyrics""|""calvin harris one kiss lyrics""|""calvin harris one kiss live""|""calvin harris feels""|""calvin harris summer""|""calvin harris nuh ready""|""calvin harris slide""|""calvin""|""harris""|""you""",62800938,781317,34495,24760,https://i.ytimg.com/vi/DkeiKbqa02g/default.jpg,False,False,False,Calvin Harris & Dua Lipa – One Kiss (Official Video)Listen/download here: http://smarturl.it/One-Kiss Follow Calvin Harris Radio (playlist): http://smarturl.it/CalvinHarrisRadioSubscribe to Calvin's channel: http://smarturl.it/CHVevo?IQid=YT -------------- Follow Calvin online:  http://calvinharris.comSnapchat: http://smarturl.it/CHSnapchat?IQid=YTInstagram: http://smarturl.it/CHInstagram?IQid=YT        Facebook: http://smarturl.it/CHFacebook?IQid=YT    Twitter: http://smarturl.it/CHTwitter?IQid=YT     Spotify: http://smarturl.it/CHSptfy?IQid=YTSubscribe here: https://goo.gl/EVtTwd,Music,0.00039426162083340825
DkeiKbqa02g,18.23.05,"Calvin Harris, Dua Lipa - One Kiss (Official Video)",CalvinHarrisVEVO,10,2018-05-02T23:01:00.000Z,"calvin harris|""calvin harris one kiss""|""calvin harris dua lipa""|""calvin harris dua lipa one kiss""|""one kiss""|""calvin harris dua lipa one kiss graham norton""|""calvin harris radio 1""|""calvin harris dua lipa one kiss live""|""dua lipa one kiss live""|""calvin harris dua lipa one kiss lyrics""|""calvin harris one kiss lyrics""|""calvin harris one kiss live""|""calvin harris feels""|""calvin harris summer""|""calvin harris nuh ready""|""calvin harris slide""|""calvin""|""harris""|""you""",65455235,796636,35336,25423,https://i.ytimg.com/vi/DkeiKbqa02g/default.jpg,False,False,False,Calvin Harris & Dua Lipa – One Kiss (Official Video)Listen/download here: http://smarturl.it/One-Kiss Follow Calvin Harris Radio (playlist): http://smarturl.it/CalvinHarrisRadioSubscribe to Calvin's channel: http://smarturl.it/CHVevo?IQid=YT -------------- Follow Calvin online:  http://calvinharris.comSnapchat: http://smarturl.it/CHSnapchat?IQid=YTInstagram: http://smarturl.it/CHInstagram?IQid=YT        Facebook: http://smarturl.it/CHFacebook?IQid=YT    Twitter: http://smarturl.it/CHTwitter?IQid=YT     Spotify: http://smarturl.it/CHSptfy?IQid=YTSubscribe here: https://goo.gl/EVtTwdFollow Dua online:  http://dualipa.com Snapchat: https://www.snapchat.com/add/dualipaInstagram: https://www.instagram.com/dualipa Facebook: https://www.facebook.com/dualipaofficial Twitter: https://twitter.com/DUALIPA    Spotify: https://open.spotify.com/artist/6M2wZ9GZgrQXHCFfjv46weYouTube: https://www.youtube.com/user/DuaLipa1,Music,0.0003884028467944108
DkeiKbqa02g,18.24.05,"Calvin Harris, Dua Lipa - One Kiss (Official Video)",CalvinHarrisVEVO,10,2018-05-02T23:01:00.000Z,"calvin harris|""calvin harris one kiss""|""calvin harris dua lipa""|""calvin harris dua lipa one kiss""|""one kiss""|""calvin harris dua lipa one kiss graham norton""|""calvin harris radio 1""|""calvin harris dua lipa one kiss live""|""dua lipa one kiss live""|""calvin harris dua lipa one kiss lyrics""|""calvin harris one kiss lyrics""|""calvin harris one kiss live""|""calvin harris feels""|""calvin harris summer""|""calvin harris nuh ready""|""calvin harris slide""|""calvin""|""harris""|""you""",68251318,812428,36123,25847,https://i.ytimg.com/vi/DkeiKbqa02g/default.jpg,False,False,False,Calvin Harris & Dua Lipa – One Kiss (Official Video)Listen/download here: http://smarturl.it/One-Kiss Follow Calvin Harris Radio (playlist): http://smarturl.it/CalvinHarrisRadioSubscribe to Calvin's channel: http://smarturl.it/CHVevo?IQid=YT -------------- Follow Calvin online:  http://calvinharris.comSnapchat: http://smarturl.it/CHSnapchat?IQid=YTInstagram: http://smarturl.it/CHInstagram?IQid=YT        Facebook: http://smarturl.it/CHFacebook?IQid=YT    Twitter: http://smarturl.it/CHTwitter?IQid=YT     Spotify: http://smarturl.it/CHSptfy?IQid=YTSubscribe here: https://goo.gl/EVtTwdFollow Dua online:  http://dualipa.com Snapchat: https://www.snapchat.com/add/dualipaInstagram: https://www.instagram.com/dualipa Facebook: https://www.facebook.com/dualipaofficial Twitter: https://twitter.com/DUALIPA    Spotify: https://open.spotify.com/artist/6M2wZ9GZgrQXHCFfjv46weYouTube: https://www.youtube.com/user/DuaLipa1,Music,0.0003787033038877974
oWw1BcFhk-k,18.25.05,Liam Payne & J Balvin - Familiar (Official Video),LiamPayneVEVO,10,2018-05-04T11:00:07.000Z,"Liam|""Payne""|""Familiar""|""Capitol""|""Pop""",32657064,513313,15997,20979,https://i.ytimg.com/vi/oWw1BcFhk-k/default.jpg,False,False,False,"Familiar, the brand new single from Liam Payne & J Balvin. Download or stream the track now: http://liamp.co/FamiliarSingleIDJ Balvin ManLiam Payne, Ma GWoah It's simple, you dip lowYour hips roll you do the calypsoAn intro is all that I needOh yeahYo empiezo, primeroTu sabes lo que me refieroDe cero, sabes que estoy pa ti Oh ooh I just wanted to get your nameBut if it's cool I wanna get inside your brain Can we get famili famili famili familiarI'm feelin' I'm feelin’ I'm feelin’ I'm feelin’ yaWhat's on your mind for later tonight?Let me be the one to fill it upCan we get famili famili famili familiarI'm feelin' I'm feelin’ I'm feelin’ I'm feelin’ yaWhat's on your mind for later tonight?Let me be the one to fill it upCan we getYour waistline, the bass lineIn real life don’t wanna no FaceTimeCos great minds they think just the sameYou're shaped like vibratoA model or some kinda bottleWell pour up cos I want a taste, a taste Oh ooh I just wanted to get your nameSolo queria tu nombre babyBut if it's cool I wanna get inside your brainCan we get famili famili famili familiar I'm feelin' I'm feelin’ I'm feelin’ I'm feelin’ ya What's on your mind for later tonight?Let me be the one to fill it upCan we get famili famili famili familiarI'm feelin' I'm feelin’ I'm feelin’ I'm feelin’ yaWhat's on your mind for later tonight?Let me be the one to fill it upCan we getAh Ah Ah AhFamiliarAh Ah Ah Ah, Ah AhAh Ah Ah AhFamiliarLet me be the one to fill it upCan we get Ah Ah Ah AhFamiliarAh Ah Ah Ah, Ah AhAh Ah Ah AhFamiliarLet me be the one to fill it upCan we get Quisiera que tu y yo nos familiarizemosUn poco de quimica y el party prendemosolvida las criticas si nos entedemosQue tu cree si en tu mente nos metemosSeñorita Que necesitaSeria mucho mejor si participas Asi de lejos no mejor cerquita Yo voy hacerte todo lo que me permitasY sabes que lo que te pones te queda bienY me caes mucho mejor que un billete de, Cien! Can we get famili famili famili familiarI'm feelin' I'm feelin' I'm feelin' I’m feelin’ yaWhat's on your mind for later tonight?Let me be the one to fill it upCan we get famili famili famili familiarI'm feelin' I'm feelin' I'm feelin' I’m feelin’ yaWhat's on your mind for later tonight?Let me be the one to fill it upCan we getAh Ah Ah AhFamiliarAh Ah Ah Ah, Ah AhAh Ah Ah AhFamiliarLet me be the one to fill it upCan we getAh Ah Ah AhFamiliarAh Ah Ah Ah, Ah AhAh Ah Ah AhFamiliarLet me be the one to fill it upCan we getFollow Liam onFacebook http://liamp.co/FacebookTwitter http://liamp.co/Twitter Instagram http://liamp.co/InstagramSnapchat  @liampayneWebsite http://liamp.co/OfficialMusic video by Liam Payne performing Familiar. © 2018 Hampton Records Limited, under exclusive licence to Capitol Records, a division of Universal Music Operations Limitedhttp://vevo.ly/0DAxJY",Music,0.000642403106341614
DkeiKbqa02g,18.25.05,"Calvin Harris, Dua Lipa - One Kiss (Official Video)",CalvinHarrisVEVO,10,2018-05-02T23:01:00.000Z,"calvin harris|""calvin harris one kiss""|""calvin harris dua lipa""|""calvin harris dua lipa one kiss""|""one kiss""|""calvin harris dua lipa one kiss graham norton""|""calvin harris radio 1""|""calvin harris dua lipa one kiss live""|""dua lipa one kiss live""|""calvin harris dua lipa one kiss lyrics""|""calvin harris one kiss lyrics""|""calvin harris one kiss live""|""calvin harris feels""|""calvin harris summer""|""calvin harris nuh ready""|""calvin harris slide""|""calvin""|""harris""|""you""",71017021,828626,36928,26279,https://i.ytimg.com/vi/DkeiKbqa02g/default.jpg,False,False,False,Calvin Harris & Dua Lipa – One Kiss (Official Video)Listen/download here: http://smarturl.it/One-Kiss Follow Calvin Harris Radio (playlist): http://smarturl.it/CalvinHarrisRadioSubscribe to Calvin's channel: http://smarturl.it/CHVevo?IQid=YT -------------- Follow Calvin online:  http://calvinharris.comSnapchat: http://smarturl.it/CHSnapchat?IQid=YTInstagram: http://smarturl.it/CHInstagram?IQid=YT        Facebook: http://smarturl.it/CHFacebook?IQid=YT    Twitter: http://smarturl.it/CHTwitter?IQid=YT     Spotify: http://smarturl.it/CHSptfy?IQid=YTSubscribe here: https://goo.gl/EVtTwdFollow Dua online:  http://dualipa.com Snapchat: https://www.snapchat.com/add/dualipaInstagram: https://www.instagram.com/dualipa Facebook: https://www.facebook.com/dualipaofficial Twitter: https://twitter.com/DUALIPA    Spotify: https://open.spotify.com/artist/6M2wZ9GZgrQXHCFfjv46weYouTube: https://www.youtube.com/user/DuaLipa1,Music,0.00037003804524498365
oWw1BcFhk-k,18.26.05,Liam Payne & J Balvin - Familiar (Official Video),LiamPayneVEVO,10,2018-05-04T11:00:07.000Z,"Liam|""Payne""|""Familiar""|""Capitol""|""Pop""",37226832,532231,17372,21298,https://i.ytimg.com/vi/oWw1BcFhk-k/default.jpg,False,False,False,"Familiar, the brand new single from Liam Payne & J Balvin. Download or stream the track now: http://liamp.co/FamiliarSingleIDJ Balvin ManLiam Payne, Ma GWoah It's simple, you dip lowYour hips roll you do the calypsoAn intro is all that I needOh yeahYo empiezo, primeroTu sabes lo que me refieroDe cero, sabes que estoy pa ti Oh ooh I just wanted to get your nameBut if it's cool I wanna get inside your brain Can we get famili famili famili familiarI'm feelin' I'm feelin’ I'm feelin’ I'm feelin’ yaWhat's on your mind for later tonight?Let me be the one to fill it upCan we get famili famili famili familiarI'm feelin' I'm feelin’ I'm feelin’ I'm feelin’ yaWhat's on your mind for later tonight?Let me be the one to fill it upCan we getYour waistline, the bass lineIn real life don’t wanna no FaceTimeCos great minds they think just the sameYou're shaped like vibratoA model or some kinda bottleWell pour up cos I want a taste, a taste Oh ooh I just wanted to get your nameSolo queria tu nombre babyBut if it's cool I wanna get inside your brainCan we get famili famili famili familiar I'm feelin' I'm feelin’ I'm feelin’ I'm feelin’ ya What's on your mind for later tonight?Let me be the one to fill it upCan we get famili famili famili familiarI'm feelin' I'm feelin’ I'm feelin’ I'm feelin’ yaWhat's on your mind for later tonight?Let me be the one to fill it upCan we getAh Ah Ah AhFamiliarAh Ah Ah Ah, Ah AhAh Ah Ah AhFamiliarLet me be the one to fill it upCan we get Ah Ah Ah AhFamiliarAh Ah Ah Ah, Ah AhAh Ah Ah AhFamiliarLet me be the one to fill it upCan we get Quisiera que tu y yo nos familiarizemosUn poco de quimica y el party prendemosolvida las criticas si nos entedemosQue tu cree si en tu mente nos metemosSeñorita Que necesitaSeria mucho mejor si participas Asi de lejos no mejor cerquita Yo voy hacerte todo lo que me permitasY sabes que lo que te pones te queda bienY me caes mucho mejor que un billete de, Cien! Can we get famili famili famili familiarI'm feelin' I'm feelin' I'm feelin' I’m feelin’ yaWhat's on your mind for later tonight?Let me be the one to fill it upCan we get famili famili famili familiarI'm feelin' I'm feelin' I'm feelin' I’m feelin’ yaWhat's on your mind for later tonight?Let me be the one to fill it upCan we getAh Ah Ah AhFamiliarAh Ah Ah Ah, Ah AhAh Ah Ah AhFamiliarLet me be the one to fill it upCan we getAh Ah Ah AhFamiliarAh Ah Ah Ah, Ah AhAh Ah Ah AhFamiliarLet me be the one to fill it upCan we getFollow Liam onFacebook http://liamp.co/FacebookTwitter http://liamp.co/Twitter Instagram http://liamp.co/InstagramSnapchat  @liampayneWebsite http://liamp.co/OfficialMusic video by Liam Payne performing Familiar. © 2018 Hampton Records Limited, under exclusive licence to Capitol Records, a division of Universal Music Operations Limitedhttp://vevo.ly/0DAxJY",Music,0.0005721142059008888
oWw1BcFhk-k,18.28.05,Liam Payne & J Balvin - Familiar (Official Video),LiamPayneVEVO,10,2018-05-04T11:00:07.000Z,"Liam|""Payne""|""Familiar""|""Capitol""|""Pop""",40684506,547701,18049,21535,https://i.ytimg.com/vi/oWw1BcFhk-k/default.jpg,False,False,False,"Familiar, the brand new single from Liam Payne & J Balvin. Download or stream the track now: http://liamp.co/FamiliarSingleIDJ Balvin ManLiam Payne, Ma GWoah It's simple, you dip lowYour hips roll you do the calypsoAn intro is all that I needOh yeahYo empiezo, primeroTu sabes lo que me refieroDe cero, sabes que estoy pa ti Oh ooh I just wanted to get your nameBut if it's cool I wanna get inside your brain Can we get famili famili famili familiarI'm feelin' I'm feelin’ I'm feelin’ I'm feelin’ yaWhat's on your mind for later tonight?Let me be the one to fill it upCan we get famili famili famili familiarI'm feelin' I'm feelin’ I'm feelin’ I'm feelin’ yaWhat's on your mind for later tonight?Let me be the one to fill it upCan we getYour waistline, the bass lineIn real life don’t wanna no FaceTimeCos great minds they think just the sameYou're shaped like vibratoA model or some kinda bottleWell pour up cos I want a taste, a taste Oh ooh I just wanted to get your nameSolo queria tu nombre babyBut if it's cool I wanna get inside your brainCan we get famili famili famili familiar I'm feelin' I'm feelin’ I'm feelin’ I'm feelin’ ya What's on your mind for later tonight?Let me be the one to fill it upCan we get famili famili famili familiarI'm feelin' I'm feelin’ I'm feelin’ I'm feelin’ yaWhat's on your mind for later tonight?Let me be the one to fill it upCan we getAh Ah Ah AhFamiliarAh Ah Ah Ah, Ah AhAh Ah Ah AhFamiliarLet me be the one to fill it upCan we get Ah Ah Ah AhFamiliarAh Ah Ah Ah, Ah AhAh Ah Ah AhFamiliarLet me be the one to fill it upCan we get Quisiera que tu y yo nos familiarizemosUn poco de quimica y el party prendemosolvida las criticas si nos entedemosQue tu cree si en tu mente nos metemosSeñorita Que necesitaSeria mucho mejor si participas Asi de lejos no mejor cerquita Yo voy hacerte todo lo que me permitasY sabes que lo que te pones te queda bienY me caes mucho mejor que un billete de, Cien! Can we get famili famili famili familiarI'm feelin' I'm feelin' I'm feelin' I’m feelin’ yaWhat's on your mind for later tonight?Let me be the one to fill it upCan we get famili famili famili familiarI'm feelin' I'm feelin' I'm feelin' I’m feelin’ yaWhat's on your mind for later tonight?Let me be the one to fill it upCan we getAh Ah Ah AhFamiliarAh Ah Ah Ah, Ah AhAh Ah Ah AhFamiliarLet me be the one to fill it upCan we getAh Ah Ah AhFamiliarAh Ah Ah Ah, Ah AhAh Ah Ah AhFamiliarLet me be the one to fill it upCan we getFollow Liam onFacebook http://liamp.co/FacebookTwitter http://liamp.co/Twitter Instagram http://liamp.co/InstagramSnapchat  @liampayneWebsite http://liamp.co/OfficialMusic video by Liam Payne performing Familiar. © 2018 Hampton Records Limited, under exclusive licence to Capitol Records, a division of Universal Music Operations Limitedhttp://vevo.ly/0DAxJY",Music,0.0005293169707082846
vjI4Alon-3Q,18.28.05,Maluma - Marinero (Official Video),MalumaVEVO,10,2018-05-04T10:00:33.000Z,"Maluma Marinero|""Maluma Marinero official video""|""Marinero video oficial""|""latin pop""|""Reggaeton""|""Marinero dance""|""Maluma Marinero karaoke""|""Maluma mix""|""Maluma exitos""|""Maluma Marinero lyrics""|""Marinero letra""|""Maluma best songs""|""music video""|""musica en espanol""|""latin music""|""Marinero remix""|""Reggaeton mix""|""Felices Los 4""|""El Prestamo""|""Chantaje""|""Cuatro Babys""|""Corazon""|""J.Balvin""|""Ozuna""|""Daddy Yankee""|""Nicky Jam""|""live""|""en vivo""|""Maluma Marinero english""|""Latin""",58441951,847535,60535,47961,https://i.ytimg.com/vi/vjI4Alon-3Q/default.jpg,False,False,False,Maluma  – “Marinero”¡NUEVO ÁLBUM “F.A.M.E” DISPONIBLE PARA PRE-ORDENAR AHORA!:iTunes: http://smarturl.it/FAMEi  Apple Music: http://smarturl.it/FAMEa  Spotify: http://smarturl.it/FAMEs  Amazon Music: http://smarturl.it/FAMEam  Google Play: http://smarturl.it/FAMEgpl¡Elige tu plataforma de preferencia!: https://SML.lnk.to/FAME ESCÚCHA Marinero EN LATINO VIBES ....¡SIGUE ESTE PLAYLIST AHORA PARA ESCÚCHAR NUEVA MÚSICA + LOS MEJORES PUNTOS LATINOS DE HOY!Apple Music: http://smarturl.it/LatinoVibesA   Spotify: http://smarturl.it/LatinoVibesS SIGUE A MALUMA EN: Página web oficial: http://www.malumamusik.com Facebook: http://www.facebook.com/MALUMAMUSIK Twitter: http://www.twitter.com/maluma Instagram: http://www.instagram.com/maluma Official  video by Maluma  performing Marinero. (C) 2018 Sony Music Entertainment US Latin LLC,Music,0.0008206604734900025
oWw1BcFhk-k,18.29.05,Liam Payne & J Balvin - Familiar (Official Video),LiamPayneVEVO,10,2018-05-04T11:00:07.000Z,"Liam|""Payne""|""Familiar""|""Capitol""|""Pop""",42390420,554509,18381,21650,https://i.ytimg.com/vi/oWw1BcFhk-k/default.jpg,False,False,False,"Familiar, the brand new single from Liam Payne & J Balvin. Download or stream the track now: http://liamp.co/FamiliarSingleIDJ Balvin ManLiam Payne, Ma GWoah It's simple, you dip lowYour hips roll you do the calypsoAn intro is all that I needOh yeahYo empiezo, primeroTu sabes lo que me refieroDe cero, sabes que estoy pa ti Oh ooh I just wanted to get your nameBut if it's cool I wanna get inside your brain Can we get famili famili famili familiarI'm feelin' I'm feelin’ I'm feelin’ I'm feelin’ yaWhat's on your mind for later tonight?Let me be the one to fill it upCan we get famili famili famili familiarI'm feelin' I'm feelin’ I'm feelin’ I'm feelin’ yaWhat's on your mind for later tonight?Let me be the one to fill it upCan we getYour waistline, the bass lineIn real life don’t wanna no FaceTimeCos great minds they think just the sameYou're shaped like vibratoA model or some kinda bottleWell pour up cos I want a taste, a taste Oh ooh I just wanted to get your nameSolo queria tu nombre babyBut if it's cool I wanna get inside your brainCan we get famili famili famili familiar I'm feelin' I'm feelin’ I'm feelin’ I'm feelin’ ya What's on your mind for later tonight?Let me be the one to fill it upCan we get famili famili famili familiarI'm feelin' I'm feelin’ I'm feelin’ I'm feelin’ yaWhat's on your mind for later tonight?Let me be the one to fill it upCan we getAh Ah Ah AhFamiliarAh Ah Ah Ah, Ah AhAh Ah Ah AhFamiliarLet me be the one to fill it upCan we get Ah Ah Ah AhFamiliarAh Ah Ah Ah, Ah AhAh Ah Ah AhFamiliarLet me be the one to fill it upCan we get Quisiera que tu y yo nos familiarizemosUn poco de quimica y el party prendemosolvida las criticas si nos entedemosQue tu cree si en tu mente nos metemosSeñorita Que necesitaSeria mucho mejor si participas Asi de lejos no mejor cerquita Yo voy hacerte todo lo que me permitasY sabes que lo que te pones te queda bienY me caes mucho mejor que un billete de, Cien! Can we get famili famili famili familiarI'm feelin' I'm feelin' I'm feelin' I’m feelin’ yaWhat's on your mind for later tonight?Let me be the one to fill it upCan we get famili famili famili familiarI'm feelin' I'm feelin' I'm feelin' I’m feelin’ yaWhat's on your mind for later tonight?Let me be the one to fill it upCan we getAh Ah Ah AhFamiliarAh Ah Ah Ah, Ah AhAh Ah Ah AhFamiliarLet me be the one to fill it upCan we getAh Ah Ah AhFamiliarAh Ah Ah Ah, Ah AhAh Ah Ah AhFamiliarLet me be the one to fill it upCan we getFollow Liam onFacebook http://liamp.co/FacebookTwitter http://liamp.co/Twitter Instagram http://liamp.co/InstagramSnapchat  @liampayneWebsite http://liamp.co/OfficialMusic video by Liam Payne performing Familiar. © 2018 Hampton Records Limited, under exclusive licence to Capitol Records, a division of Universal Music Operations Limitedhttp://vevo.ly/0DAxJY",Music,0.0005107285912541421
vjI4Alon-3Q,18.29.05,Maluma - Marinero (Official Video),MalumaVEVO,10,2018-05-04T10:00:33.000Z,"Maluma Marinero|""Maluma Marinero official video""|""Marinero video oficial""|""latin pop""|""Reggaeton""|""Marinero dance""|""Maluma Marinero karaoke""|""Maluma mix""|""Maluma exitos""|""Maluma Marinero lyrics""|""Marinero letra""|""Maluma best songs""|""music video""|""musica en espanol""|""latin music""|""Marinero remix""|""Reggaeton mix""|""Felices Los 4""|""El Prestamo""|""Chantaje""|""Cuatro Babys""|""Corazon""|""J.Balvin""|""Ozuna""|""Daddy Yankee""|""Nicky Jam""|""live""|""en vivo""|""Maluma Marinero english""|""Latin""",59877217,853193,61049,48391,https://i.ytimg.com/vi/vjI4Alon-3Q/default.jpg,False,False,False,Maluma  – “Marinero”¡NUEVO ÁLBUM “F.A.M.E” DISPONIBLE PARA PRE-ORDENAR AHORA!:iTunes: http://smarturl.it/FAMEi  Apple Music: http://smarturl.it/FAMEa  Spotify: http://smarturl.it/FAMEs  Amazon Music: http://smarturl.it/FAMEam  Google Play: http://smarturl.it/FAMEgpl¡Elige tu plataforma de preferencia!: https://SML.lnk.to/FAME ESCÚCHA Marinero EN LATINO VIBES ....¡SIGUE ESTE PLAYLIST AHORA PARA ESCÚCHAR NUEVA MÚSICA + LOS MEJORES PUNTOS LATINOS DE HOY!Apple Music: http://smarturl.it/LatinoVibesA   Spotify: http://smarturl.it/LatinoVibesS SIGUE A MALUMA EN: Página web oficial: http://www.malumamusik.com Facebook: http://www.facebook.com/MALUMAMUSIK Twitter: http://www.twitter.com/maluma Instagram: http://www.instagram.com/maluma Official  video by Maluma  performing Marinero. (C) 2018 Sony Music Entertainment US Latin LLC,Music,0.0008081704797975083
ulNswX3If6U,18.05.06,Selena Gomez - Back To You (Lyric Video),Selena Gomez,1,2018-05-10T16:00:11.000Z,"selena gomez|""13 reasons why""|""back to you""|""selena""|""gomez""|""13 reasons""|""netflix""",48044938,875365,16800,40141,https://i.ytimg.com/vi/ulNswX3If6U/default.jpg,False,False,False,"Get 'Back To You,' out now: http://smarturl.it/13ReasonsSoundtrackPreorder 13 Reasons Why Bundles: http://smarturl.it/13RYsoundtrack Subscribe to Selena's 13 Reasons Why Playlist: http://smarturl.it/13ReasonsPlaylistGet exclusive Selena Gomez merch, available at: http://smarturl.it/SelenaStoreSign-up to be the first to hear news from Selena: http://smarturl.it/SelenaGomez.NewsBest of Selena Gomez https://goo.gl/mgJg2sSelena Gomez Audio https://goo.gl/dmJYbdSubscribe for more https://goo.gl/2bTuprIf you or someone you know needs help finding crisis resources, visit: www.13ReasonsWhy.infoIf you are immediately concerned about yourself or a friend, reach out for help. TEXT: 741741www.crisistextline.orgFree, 24/7, confidential. National Suicide Prevention LifelineDIAL: 1-800-273-8255www.suicidepreventionlifeline.orgwww.thetrevorproject.orgProviding crisis and suicide intervention and prevention services for LGBTQ youth.",Film & Animation,0.0008354886245146445
ulNswX3If6U,18.06.06,Selena Gomez - Back To You (Lyric Video),Selena Gomez,1,2018-05-10T16:00:11.000Z,"selena gomez|""13 reasons why""|""back to you""|""selena""|""gomez""|""13 reasons""|""netflix""",50488871,895563,17244,40939,https://i.ytimg.com/vi/ulNswX3If6U/default.jpg,False,False,False,"Get 'Back To You,' out now: http://smarturl.it/13ReasonsSoundtrackPreorder 13 Reasons Why Bundles: http://smarturl.it/13RYsoundtrack Subscribe to Selena's 13 Reasons Why Playlist: http://smarturl.it/13ReasonsPlaylistGet exclusive Selena Gomez merch, available at: http://smarturl.it/SelenaStoreSign-up to be the first to hear news from Selena: http://smarturl.it/SelenaGomez.NewsBest of Selena Gomez https://goo.gl/mgJg2sSelena Gomez Audio https://goo.gl/dmJYbdSubscribe for more https://goo.gl/2bTuprIf you or someone you know needs help finding crisis resources, visit: www.13ReasonsWhy.infoIf you are immediately concerned about yourself or a friend, reach out for help. TEXT: 741741www.crisistextline.orgFree, 24/7, confidential. National Suicide Prevention LifelineDIAL: 1-800-273-8255www.suicidepreventionlifeline.orgwww.thetrevorproject.orgProviding crisis and suicide intervention and prevention services for LGBTQ youth.",Film & Animation,0.0008108519437708966
ulNswX3If6U,18.07.06,Selena Gomez - Back To You (Lyric Video),Selena Gomez,1,2018-05-10T16:00:11.000Z,"selena gomez|""13 reasons why""|""back to you""|""selena""|""gomez""|""13 reasons""|""netflix""",51834517,904500,17458,41199,https://i.ytimg.com/vi/ulNswX3If6U/default.jpg,False,False,False,"Get 'Back To You,' out now: http://smarturl.it/13ReasonsSoundtrackPreorder 13 Reasons Why Bundles: http://smarturl.it/13RYsoundtrack Subscribe to Selena's 13 Reasons Why Playlist: http://smarturl.it/13ReasonsPlaylistGet exclusive Selena Gomez merch, available at: http://smarturl.it/SelenaStoreSign-up to be the first to hear news from Selena: http://smarturl.it/SelenaGomez.NewsBest of Selena Gomez https://goo.gl/mgJg2sSelena Gomez Audio https://goo.gl/dmJYbdSubscribe for more https://goo.gl/2bTuprIf you or someone you know needs help finding crisis resources, visit: www.13ReasonsWhy.infoIf you are immediately concerned about yourself or a friend, reach out for help. TEXT: 741741www.crisistextline.orgFree, 24/7, confidential. National Suicide Prevention LifelineDIAL: 1-800-273-8255www.suicidepreventionlifeline.orgwww.thetrevorproject.orgProviding crisis and suicide intervention and prevention services for LGBTQ youth.",Film & Animation,0.0007948178470570519
ulNswX3If6U,18.08.06,Selena Gomez - Back To You (Lyric Video),Selena Gomez,1,2018-05-10T16:00:11.000Z,"selena gomez|""13 reasons why""|""back to you""|""selena""|""gomez""|""13 reasons""|""netflix""",53414805,914317,17716,41574,https://i.ytimg.com/vi/ulNswX3If6U/default.jpg,False,False,False,"Get 'Back To You,' out now: http://smarturl.it/13ReasonsSoundtrackPreorder 13 Reasons Why Bundles: http://smarturl.it/13RYsoundtrack Subscribe to Selena's 13 Reasons Why Playlist: http://smarturl.it/13ReasonsPlaylistGet exclusive Selena Gomez merch, available at: http://smarturl.it/SelenaStoreSign-up to be the first to hear news from Selena: http://smarturl.it/SelenaGomez.NewsBest of Selena Gomez https://goo.gl/mgJg2sSelena Gomez Audio https://goo.gl/dmJYbdSubscribe for more https://goo.gl/2bTuprIf you or someone you know needs help finding crisis resources, visit: www.13ReasonsWhy.infoIf you are immediately concerned about yourself or a friend, reach out for help. TEXT: 741741www.crisistextline.orgFree, 24/7, confidential. National Suicide Prevention LifelineDIAL: 1-800-273-8255www.suicidepreventionlifeline.orgwww.thetrevorproject.orgProviding crisis and suicide intervention and prevention services for LGBTQ youth.",Film & Animation,0.0007783235232568289
ulNswX3If6U,18.09.06,Selena Gomez - Back To You (Lyric Video),Selena Gomez,1,2018-05-10T16:00:11.000Z,"selena gomez|""13 reasons why""|""back to you""|""selena""|""gomez""|""13 reasons""|""netflix""",54863912,922355,18037,41774,https://i.ytimg.com/vi/ulNswX3If6U/default.jpg,False,False,False,"Get 'Back To You,' out now: http://smarturl.it/13ReasonsSoundtrackPreorder 13 Reasons Why Bundles: http://smarturl.it/13RYsoundtrack Subscribe to Selena's 13 Reasons Why Playlist: http://smarturl.it/13ReasonsPlaylistGet exclusive Selena Gomez merch, available at: http://smarturl.it/SelenaStoreSign-up to be the first to hear news from Selena: http://smarturl.it/SelenaGomez.NewsBest of Selena Gomez https://goo.gl/mgJg2sSelena Gomez Audio https://goo.gl/dmJYbdSubscribe for more https://goo.gl/2bTuprIf you or someone you know needs help finding crisis resources, visit: www.13ReasonsWhy.infoIf you are immediately concerned about yourself or a friend, reach out for help. TEXT: 741741www.crisistextline.orgFree, 24/7, confidential. National Suicide Prevention LifelineDIAL: 1-800-273-8255www.suicidepreventionlifeline.orgwww.thetrevorproject.orgProviding crisis and suicide intervention and prevention services for LGBTQ youth.",Film & Animation,0.000761411239479036
